transaction_id,amount,timestamp,location,device,user_age,transaction_type,is_fraud
txn_00000,1878.96,2025-06-07 05:27:53.570818,Punjab,OnePlus 12,64,online,0
txn_00001,4754.06,2025-06-24 05:27:53.570839,Bangalore,iPhone 14,29,online,0
txn_00002,3662.65,2025-06-27 05:27:53.570842,Delhi,Xiaomi 13,33,offline,0
txn_00003,2997.31,2025-06-04 05:27:53.570845,Punjab,Xiaomi 13,41,online,0
txn_00004,788.53,2025-06-19 05:27:53.570848,Delhi,Xiaomi 13,36,online,0
txn_00005,788.41,2025-06-20 05:27:53.570852,Hyderabad,iPhone 14,25,offline,0
txn_00006,299.84,2025-06-20 05:27:53.570854,Delhi,OnePlus 12,48,offline,0
txn_00007,4332.22,2025-06-23 05:27:53.570865,Bangalore,Xiaomi 13,38,online,0
txn_00008,3009.56,2025-06-04 05:27:53.570872,Mumbai,Samsung S24,34,offline,1
txn_00009,3543.28,2025-06-24 05:27:53.570875,Delhi,Xiaomi 13,40,online,0
txn_00010,112.72,2025-06-06 05:27:53.570877,Delhi,Pixel 8,54,online,0
txn_00011,4849.85,2025-06-04 05:27:53.570878,Delhi,Samsung S24,33,online,0
txn_00012,4163.89,2025-05-30 05:27:53.570880,Mumbai,Samsung S24,23,online,0
txn_00013,1069.57,2025-06-10 05:27:53.570882,Mumbai,Samsung S24,25,online,0
txn_00014,917.31,2025-06-25 05:27:53.570883,Delhi,Xiaomi 13,42,online,0
txn_00015,925.19,2025-06-09 05:27:53.570885,Hyderabad,Samsung S24,35,offline,1
txn_00016,1528.17,2025-06-14 05:27:53.570886,Mumbai,Pixel 8,42,offline,0
txn_00017,2628.53,2025-06-26 05:27:53.570888,Mumbai,iPhone 14,29,offline,0
txn_00018,2165.41,2025-06-27 05:27:53.570891,Mumbai,Pixel 8,32,offline,0
txn_00019,1463.23,2025-06-25 05:27:53.570894,Punjab,OnePlus 12,43,online,0
txn_00020,3063.15,2025-06-21 05:27:53.570896,Delhi,Samsung S24,58,offline,0
txn_00021,706.07,2025-06-20 05:27:53.570899,Hyderabad,Pixel 8,62,offline,0
txn_00022,1467.8,2025-06-11 05:27:53.570902,Mumbai,Xiaomi 13,43,offline,0
txn_00023,1838.15,2025-06-08 05:27:53.570905,Punjab,OnePlus 12,64,online,0
txn_00024,2285.79,2025-06-27 05:27:53.570908,Bangalore,Pixel 8,49,online,0
txn_00025,3928.03,2025-06-10 05:27:53.570911,Bangalore,Samsung S24,27,offline,0
txn_00026,1006.37,2025-06-21 05:27:53.570914,Mumbai,Xiaomi 13,33,online,1
txn_00027,2576.03,2025-06-05 05:27:53.570916,Hyderabad,Samsung S24,24,online,0
txn_00028,2966.15,2025-06-07 05:27:53.570918,Hyderabad,OnePlus 12,34,online,0
txn_00029,241.79,2025-06-05 05:27:53.570919,Delhi,Pixel 8,40,offline,0
txn_00030,3041.65,2025-06-10 05:27:53.570921,Mumbai,Samsung S24,43,offline,1
txn_00031,860.92,2025-06-14 05:27:53.570922,Bangalore,OnePlus 12,38,offline,1
txn_00032,334.61,2025-06-20 05:27:53.570924,Delhi,Xiaomi 13,39,offline,0
txn_00033,4744.94,2025-06-13 05:27:53.570926,Hyderabad,Pixel 8,24,online,0
txn_00034,4828.5,2025-06-09 05:27:53.570928,Delhi,Pixel 8,31,online,0
txn_00035,4043.9,2025-06-19 05:27:53.570929,Bangalore,OnePlus 12,32,online,0
txn_00036,1530.02,2025-06-02 05:27:53.570931,Hyderabad,Pixel 8,24,online,0
txn_00037,497.38,2025-05-31 05:27:53.570932,Punjab,Xiaomi 13,26,offline,0
txn_00038,3424.32,2025-06-27 05:27:53.570934,Punjab,Xiaomi 13,68,offline,0
txn_00039,2206.36,2025-06-03 05:27:53.570935,Mumbai,Pixel 8,65,offline,0
txn_00040,618.97,2025-06-02 05:27:53.570937,Delhi,Samsung S24,25,online,0
txn_00041,2480.93,2025-06-22 05:27:53.570939,Hyderabad,Samsung S24,67,online,0
txn_00042,181.6,2025-06-05 05:27:53.570940,Mumbai,Xiaomi 13,40,online,0
txn_00043,4547.51,2025-06-14 05:27:53.570942,Delhi,Samsung S24,46,online,0
txn_00044,1301.31,2025-06-17 05:27:53.570943,Bangalore,OnePlus 12,35,offline,0
txn_00045,3315.99,2025-06-19 05:27:53.570945,Hyderabad,iPhone 14,48,offline,0
txn_00046,1565.44,2025-06-23 05:27:53.570947,Delhi,Pixel 8,47,online,0
txn_00047,2605.14,2025-06-21 05:27:53.570948,Hyderabad,OnePlus 12,69,online,1
txn_00048,2738.08,2025-05-28 05:27:53.570950,Delhi,Xiaomi 13,56,offline,0
txn_00049,932.42,2025-06-03 05:27:53.570951,Bangalore,iPhone 14,52,online,0
txn_00050,4848.23,2025-06-17 05:27:53.570953,Hyderabad,Xiaomi 13,35,online,0
txn_00051,3877.91,2025-06-24 05:27:53.570955,Punjab,iPhone 14,59,offline,0
txn_00052,4698.1,2025-06-25 05:27:53.570956,Bangalore,OnePlus 12,56,online,0
txn_00053,4475.19,2025-06-15 05:27:53.570958,Delhi,iPhone 14,34,online,0
txn_00054,2993.52,2025-06-24 05:27:53.570959,Hyderabad,Samsung S24,31,online,1
txn_00055,4610.15,2025-06-16 05:27:53.570961,Bangalore,OnePlus 12,48,offline,0
txn_00056,451.58,2025-05-31 05:27:53.570963,Delhi,Pixel 8,41,online,1
txn_00057,987.95,2025-06-16 05:27:53.570965,Punjab,Xiaomi 13,52,offline,0
txn_00058,235.68,2025-06-08 05:27:53.570966,Punjab,Samsung S24,61,online,0
txn_00059,1633.4,2025-06-19 05:27:53.570968,Delhi,Pixel 8,62,online,1
txn_00060,1949.5,2025-06-02 05:27:53.570969,Punjab,iPhone 14,51,offline,0
txn_00061,1364.03,2025-06-26 05:27:53.570971,Bangalore,Samsung S24,20,offline,0
txn_00062,4145.4,2025-06-04 05:27:53.570973,Punjab,Pixel 8,54,offline,0
txn_00063,1790.2,2025-06-13 05:27:53.570974,Mumbai,OnePlus 12,60,online,0
txn_00064,1411.86,2025-06-10 05:27:53.570976,Punjab,iPhone 14,57,online,0
txn_00065,2718.05,2025-06-24 05:27:53.570978,Mumbai,Pixel 8,43,offline,0
txn_00066,713.21,2025-05-29 05:27:53.570979,Hyderabad,iPhone 14,40,online,0
txn_00067,4012.96,2025-06-15 05:27:53.570981,Bangalore,Pixel 8,61,online,0
txn_00068,382.01,2025-06-25 05:27:53.570983,Hyderabad,Xiaomi 13,56,offline,0
txn_00069,4934.57,2025-06-10 05:27:53.570984,Hyderabad,OnePlus 12,32,online,0
txn_00070,3863.5,2025-06-18 05:27:53.570986,Punjab,Samsung S24,66,online,0
txn_00071,1001.59,2025-06-01 05:27:53.570988,Punjab,Pixel 8,21,offline,0
txn_00072,37.56,2025-06-07 05:27:53.570989,Punjab,iPhone 14,46,offline,0
txn_00073,4079.15,2025-06-08 05:27:53.570991,Hyderabad,OnePlus 12,39,offline,1
txn_00074,3537.22,2025-05-30 05:27:53.570992,Bangalore,Samsung S24,42,online,0
txn_00075,3647.75,2025-05-31 05:27:53.570994,Bangalore,iPhone 14,30,offline,0
txn_00076,3858.64,2025-06-16 05:27:53.570996,Mumbai,OnePlus 12,35,offline,0
txn_00077,379.48,2025-06-09 05:27:53.570997,Delhi,iPhone 14,50,offline,0
txn_00078,1798.74,2025-06-21 05:27:53.570999,Bangalore,OnePlus 12,33,online,1
txn_00079,588.19,2025-06-05 05:27:53.571000,Punjab,Samsung S24,62,offline,0
txn_00080,4316.89,2025-06-25 05:27:53.571002,Mumbai,Samsung S24,59,offline,0
txn_00081,3120.26,2025-06-26 05:27:53.571004,Punjab,iPhone 14,61,offline,0
txn_00082,1661.18,2025-06-06 05:27:53.571005,Hyderabad,OnePlus 12,19,online,0
txn_00083,327.16,2025-06-20 05:27:53.571007,Hyderabad,Pixel 8,52,offline,0
txn_00084,1561.8,2025-06-03 05:27:53.571008,Punjab,Samsung S24,59,online,0
txn_00085,1632.66,2025-06-18 05:27:53.571010,Bangalore,Pixel 8,51,offline,0
txn_00086,3650.73,2025-06-25 05:27:53.571011,Delhi,Pixel 8,47,online,0
txn_00087,3191.41,2025-05-31 05:27:53.571013,Punjab,Xiaomi 13,30,online,0
txn_00088,4437.19,2025-06-20 05:27:53.571015,Bangalore,iPhone 14,30,online,0
txn_00089,2366.35,2025-05-31 05:27:53.571016,Mumbai,iPhone 14,35,offline,0
txn_00090,606.78,2025-06-24 05:27:53.571018,Punjab,iPhone 14,49,online,1
txn_00091,3569.09,2025-06-15 05:27:53.571020,Mumbai,OnePlus 12,49,offline,0
txn_00092,3806.32,2025-06-19 05:27:53.571026,Bangalore,Samsung S24,52,online,1
txn_00093,2810.77,2025-06-13 05:27:53.571029,Bangalore,Samsung S24,56,offline,0
txn_00094,3857.13,2025-06-07 05:27:53.571032,Bangalore,Xiaomi 13,63,offline,0
txn_00095,2474.04,2025-06-01 05:27:53.571034,Bangalore,Xiaomi 13,69,offline,0
txn_00096,2618.44,2025-06-16 05:27:53.571037,Hyderabad,Xiaomi 13,46,online,0
txn_00097,2143.43,2025-06-22 05:27:53.571040,Bangalore,Pixel 8,66,online,0
txn_00098,136.84,2025-06-16 05:27:53.571043,Hyderabad,iPhone 14,46,online,0
txn_00099,548.38,2025-06-16 05:27:53.571046,Delhi,OnePlus 12,61,offline,0
txn_00100,166.83,2025-06-21 05:27:53.571049,Hyderabad,Samsung S24,33,offline,0
txn_00101,3185.69,2025-06-06 05:27:53.571051,Mumbai,OnePlus 12,61,offline,0
txn_00102,1578.64,2025-06-19 05:27:53.571055,Delhi,iPhone 14,64,offline,0
txn_00103,2547.77,2025-06-05 05:27:53.571057,Mumbai,iPhone 14,27,online,0
txn_00104,4538.76,2025-05-29 05:27:53.571060,Punjab,Samsung S24,47,online,0
txn_00105,1253.97,2025-06-06 05:27:53.571062,Punjab,Pixel 8,42,online,0
txn_00106,2057.81,2025-06-07 05:27:53.571064,Hyderabad,Xiaomi 13,56,online,0
txn_00107,3780.2,2025-06-25 05:27:53.571065,Mumbai,Pixel 8,37,offline,1
txn_00108,1151.7,2025-06-08 05:27:53.571067,Punjab,iPhone 14,22,offline,0
txn_00109,394.13,2025-06-07 05:27:53.571068,Punjab,iPhone 14,18,offline,0
txn_00110,1455.86,2025-06-22 05:27:53.571070,Punjab,Pixel 8,47,online,1
txn_00111,814.49,2025-06-10 05:27:53.571071,Delhi,Xiaomi 13,66,online,0
txn_00112,4649.19,2025-06-04 05:27:53.571073,Delhi,Xiaomi 13,20,online,0
txn_00113,4042.52,2025-06-20 05:27:53.571074,Bangalore,iPhone 14,62,offline,0
txn_00114,3170.68,2025-06-22 05:27:53.571076,Mumbai,Xiaomi 13,31,online,0
txn_00115,4358.59,2025-06-13 05:27:53.571077,Punjab,Xiaomi 13,47,offline,0
txn_00116,4020.32,2025-06-15 05:27:53.571079,Mumbai,Samsung S24,67,offline,0
txn_00117,940.98,2025-06-19 05:27:53.571080,Bangalore,Samsung S24,21,online,0
txn_00118,4463.87,2025-05-29 05:27:53.571082,Hyderabad,OnePlus 12,35,offline,0
txn_00119,2701.32,2025-06-07 05:27:53.571084,Bangalore,Pixel 8,54,offline,1
txn_00120,4039.13,2025-06-05 05:27:53.571085,Punjab,iPhone 14,42,offline,0
txn_00121,4481.5,2025-06-10 05:27:53.571086,Hyderabad,Xiaomi 13,65,online,0
txn_00122,1596.84,2025-06-20 05:27:53.571088,Hyderabad,OnePlus 12,18,online,0
txn_00123,559.16,2025-06-06 05:27:53.571090,Bangalore,Samsung S24,63,online,0
txn_00124,1147.4,2025-06-17 05:27:53.571091,Punjab,Xiaomi 13,32,offline,0
txn_00125,2141.27,2025-06-01 05:27:53.571093,Hyderabad,Pixel 8,26,online,0
txn_00126,4091.89,2025-06-03 05:27:53.571095,Bangalore,Samsung S24,32,online,0
txn_00127,4305.05,2025-06-03 05:27:53.571096,Bangalore,iPhone 14,66,offline,0
txn_00128,44.69,2025-06-26 05:27:53.571098,Punjab,Xiaomi 13,41,offline,0
txn_00129,2558.63,2025-06-20 05:27:53.571100,Bangalore,OnePlus 12,21,offline,0
txn_00130,2092.88,2025-06-01 05:27:53.571103,Bangalore,iPhone 14,29,offline,0
txn_00131,1118.32,2025-06-26 05:27:53.571105,Bangalore,Xiaomi 13,54,online,0
txn_00132,608.13,2025-06-02 05:27:53.571108,Mumbai,Xiaomi 13,54,online,0
txn_00133,1694.7,2025-06-17 05:27:53.571111,Delhi,Xiaomi 13,60,online,0
txn_00134,4715.12,2025-06-15 05:27:53.571114,Mumbai,Xiaomi 13,23,offline,0
txn_00135,1622.78,2025-06-19 05:27:53.571117,Bangalore,Xiaomi 13,56,offline,0
txn_00136,2598.77,2025-06-25 05:27:53.571119,Delhi,iPhone 14,63,offline,0
txn_00137,3518.06,2025-06-21 05:27:53.571122,Hyderabad,Pixel 8,41,offline,0
txn_00138,1824.51,2025-05-29 05:27:53.571125,Mumbai,Pixel 8,28,offline,0
txn_00139,4859.19,2025-05-28 05:27:53.571127,Mumbai,iPhone 14,30,online,0
txn_00140,4812.61,2025-06-09 05:27:53.571131,Mumbai,Pixel 8,51,offline,0
txn_00141,1266.39,2025-05-30 05:27:53.571134,Punjab,OnePlus 12,42,offline,0
txn_00142,2491.27,2025-06-05 05:27:53.571137,Bangalore,OnePlus 12,24,online,0
txn_00143,1511.38,2025-06-17 05:27:53.571140,Hyderabad,iPhone 14,69,offline,0
txn_00144,1431.35,2025-06-21 05:27:53.571143,Hyderabad,OnePlus 12,21,online,0
txn_00145,194.07,2025-06-07 05:27:53.571145,Hyderabad,iPhone 14,25,offline,0
txn_00146,3051.73,2025-06-12 05:27:53.571149,Bangalore,OnePlus 12,37,online,1
txn_00147,2518.37,2025-06-15 05:27:53.571151,Delhi,Samsung S24,46,online,0
txn_00148,266.88,2025-05-30 05:27:53.571154,Mumbai,iPhone 14,68,offline,1
txn_00149,1400.45,2025-05-29 05:27:53.571156,Bangalore,Xiaomi 13,62,online,0
txn_00150,4542.25,2025-06-07 05:27:53.571158,Mumbai,OnePlus 12,63,offline,0
txn_00151,1205.41,2025-06-13 05:27:53.571159,Bangalore,Samsung S24,27,offline,0
txn_00152,733.03,2025-06-23 05:27:53.571161,Mumbai,iPhone 14,60,offline,0
txn_00153,2452.37,2025-06-19 05:27:53.571162,Bangalore,OnePlus 12,51,offline,0
txn_00154,4928.4,2025-06-23 05:27:53.571164,Delhi,Xiaomi 13,43,offline,0
txn_00155,1217.86,2025-06-20 05:27:53.571166,Hyderabad,OnePlus 12,58,offline,0
txn_00156,3363.96,2025-06-04 05:27:53.571167,Mumbai,Samsung S24,66,offline,0
txn_00157,3810.48,2025-06-10 05:27:53.571169,Bangalore,Pixel 8,20,online,0
txn_00158,1195.81,2025-06-10 05:27:53.571170,Delhi,Pixel 8,23,offline,0
txn_00159,3643.8,2025-06-19 05:27:53.571171,Delhi,Samsung S24,22,offline,0
txn_00160,1845.24,2025-06-04 05:27:53.571173,Hyderabad,Samsung S24,22,online,0
txn_00161,3165.21,2025-06-09 05:27:53.571174,Bangalore,iPhone 14,64,offline,0
txn_00162,3171.31,2025-06-14 05:27:53.571176,Mumbai,Pixel 8,40,offline,0
txn_00163,2683.52,2025-05-30 05:27:53.571177,Punjab,iPhone 14,66,online,0
txn_00164,460.55,2025-06-09 05:27:53.571179,Delhi,OnePlus 12,26,offline,0
txn_00165,4178.16,2025-06-15 05:27:53.571180,Delhi,Samsung S24,52,offline,1
txn_00166,1610.69,2025-06-16 05:27:53.571182,Hyderabad,iPhone 14,37,offline,0
txn_00167,940.73,2025-06-20 05:27:53.571183,Bangalore,Samsung S24,66,offline,0
txn_00168,213.47,2025-06-23 05:27:53.571185,Punjab,iPhone 14,59,online,0
txn_00169,2958.56,2025-06-11 05:27:53.571187,Punjab,OnePlus 12,52,offline,0
txn_00170,3391.05,2025-06-12 05:27:53.571188,Punjab,OnePlus 12,67,offline,0
txn_00171,92.77,2025-06-25 05:27:53.571190,Bangalore,Xiaomi 13,35,offline,0
txn_00172,2565.34,2025-06-03 05:27:53.571192,Mumbai,Pixel 8,34,offline,0
txn_00173,1140.21,2025-06-26 05:27:53.571195,Delhi,Xiaomi 13,41,offline,1
txn_00174,3229.41,2025-05-31 05:27:53.571198,Bangalore,Pixel 8,20,online,0
txn_00175,880.09,2025-06-24 05:27:53.571201,Punjab,OnePlus 12,49,online,0
txn_00176,3457.78,2025-06-23 05:27:53.571203,Delhi,iPhone 14,52,online,0
txn_00177,1939.81,2025-06-07 05:27:53.571211,Delhi,Samsung S24,55,online,0
txn_00178,4684.28,2025-06-22 05:27:53.571214,Punjab,OnePlus 12,30,offline,0
txn_00179,696.23,2025-06-02 05:27:53.571216,Punjab,OnePlus 12,64,online,0
txn_00180,1711.92,2025-06-06 05:27:53.571218,Delhi,iPhone 14,42,offline,0
txn_00181,576.23,2025-06-14 05:27:53.571219,Hyderabad,OnePlus 12,26,offline,0
txn_00182,4624.22,2025-06-08 05:27:53.571221,Delhi,OnePlus 12,21,online,0
txn_00183,4387.92,2025-06-25 05:27:53.571222,Mumbai,iPhone 14,31,offline,0
txn_00184,1297.13,2025-06-15 05:27:53.571224,Mumbai,OnePlus 12,54,offline,0
txn_00185,3303.32,2025-06-15 05:27:53.571225,Hyderabad,Pixel 8,51,online,0
txn_00186,4087.94,2025-06-08 05:27:53.571227,Bangalore,Pixel 8,28,offline,0
txn_00187,2780.45,2025-06-13 05:27:53.571228,Delhi,Pixel 8,58,online,0
txn_00188,2652.96,2025-06-11 05:27:53.571230,Mumbai,Pixel 8,20,offline,0
txn_00189,1216.84,2025-06-19 05:27:53.571231,Delhi,OnePlus 12,45,online,0
txn_00190,474.58,2025-06-10 05:27:53.571233,Hyderabad,Samsung S24,46,offline,0
txn_00191,4487.11,2025-05-31 05:27:53.571234,Punjab,Pixel 8,26,offline,0
txn_00192,4503.09,2025-05-28 05:27:53.571236,Hyderabad,Pixel 8,20,online,1
txn_00193,3169.18,2025-06-27 05:27:53.571237,Hyderabad,OnePlus 12,42,offline,0
txn_00194,1701.76,2025-06-06 05:27:53.571239,Hyderabad,Xiaomi 13,51,offline,0
txn_00195,1752.56,2025-06-04 05:27:53.571240,Mumbai,OnePlus 12,29,offline,0
txn_00196,3632.52,2025-06-24 05:27:53.571242,Hyderabad,iPhone 14,59,offline,0
txn_00197,4486.58,2025-06-06 05:27:53.571243,Punjab,Pixel 8,26,online,0
txn_00198,4436.56,2025-05-30 05:27:53.571245,Punjab,iPhone 14,32,offline,0
txn_00199,3901.58,2025-06-10 05:27:53.571246,Punjab,Pixel 8,57,online,0
txn_00200,3213.74,2025-06-03 05:27:53.571248,Bangalore,Xiaomi 13,42,online,0
txn_00201,429.86,2025-06-19 05:27:53.571249,Hyderabad,Samsung S24,22,online,0
txn_00202,816.53,2025-06-03 05:27:53.571251,Punjab,Xiaomi 13,28,offline,0
txn_00203,4493.79,2025-06-07 05:27:53.571252,Bangalore,OnePlus 12,51,online,0
txn_00204,3036.08,2025-06-17 05:27:53.571254,Hyderabad,OnePlus 12,41,online,0
txn_00205,55.89,2025-06-24 05:27:53.571256,Hyderabad,iPhone 14,32,offline,0
txn_00206,516.34,2025-06-18 05:27:53.571257,Delhi,iPhone 14,55,offline,0
txn_00207,3320.87,2025-06-14 05:27:53.571259,Hyderabad,OnePlus 12,25,offline,1
txn_00208,35.26,2025-06-22 05:27:53.571260,Delhi,OnePlus 12,22,online,0
txn_00209,812.43,2025-06-13 05:27:53.571262,Mumbai,OnePlus 12,65,online,0
txn_00210,2748.18,2025-06-27 05:27:53.571263,Mumbai,Pixel 8,43,online,0
txn_00211,3462.56,2025-05-28 05:27:53.571264,Bangalore,Xiaomi 13,35,offline,0
txn_00212,3263.29,2025-06-04 05:27:53.571266,Delhi,Pixel 8,23,online,0
txn_00213,1129.1,2025-05-30 05:27:53.571267,Mumbai,Samsung S24,54,online,0
txn_00214,3563.77,2025-06-04 05:27:53.571269,Mumbai,Pixel 8,65,offline,0
txn_00215,1193.87,2025-06-19 05:27:53.571270,Mumbai,OnePlus 12,30,offline,0
txn_00216,1633.74,2025-06-11 05:27:53.571272,Hyderabad,Pixel 8,45,offline,0
txn_00217,3734.99,2025-06-03 05:27:53.571273,Delhi,iPhone 14,22,offline,0
txn_00218,3251.67,2025-06-22 05:27:53.571275,Mumbai,OnePlus 12,30,online,0
txn_00219,4247.62,2025-06-11 05:27:53.571276,Delhi,Xiaomi 13,34,offline,1
txn_00220,3291.49,2025-05-29 05:27:53.571278,Punjab,Pixel 8,67,online,0
txn_00221,2845.86,2025-06-24 05:27:53.571279,Punjab,OnePlus 12,57,offline,0
txn_00222,477.44,2025-05-31 05:27:53.571281,Hyderabad,iPhone 14,62,online,1
txn_00223,1844.9,2025-06-07 05:27:53.571282,Punjab,iPhone 14,49,offline,0
txn_00224,1333.36,2025-06-18 05:27:53.571283,Bangalore,Pixel 8,46,offline,0
txn_00225,1227.51,2025-06-01 05:27:53.571285,Delhi,OnePlus 12,68,online,0
txn_00226,4865.32,2025-06-07 05:27:53.571286,Mumbai,Xiaomi 13,20,online,0
txn_00227,1971.56,2025-06-11 05:27:53.571288,Bangalore,Samsung S24,57,online,0
txn_00228,4461.31,2025-06-08 05:27:53.571289,Bangalore,iPhone 14,51,offline,0
txn_00229,3159.38,2025-06-21 05:27:53.571291,Punjab,Samsung S24,57,offline,0
txn_00230,3976.11,2025-06-23 05:27:53.571292,Delhi,Xiaomi 13,44,offline,1
txn_00231,2518.16,2025-06-16 05:27:53.571294,Mumbai,Pixel 8,30,offline,0
txn_00232,2888.75,2025-06-03 05:27:53.571295,Bangalore,iPhone 14,62,online,0
txn_00233,2467.66,2025-06-22 05:27:53.571297,Hyderabad,Samsung S24,50,offline,0
txn_00234,984.26,2025-06-10 05:27:53.571298,Mumbai,iPhone 14,23,offline,0
txn_00235,3615.04,2025-05-28 05:27:53.571300,Punjab,Samsung S24,41,offline,0
txn_00236,1411.05,2025-06-03 05:27:53.571302,Delhi,OnePlus 12,36,online,1
txn_00237,131.34,2025-05-29 05:27:53.571303,Hyderabad,OnePlus 12,33,offline,0
txn_00238,3230.91,2025-06-11 05:27:53.571305,Mumbai,Pixel 8,57,offline,0
txn_00239,893.78,2025-05-29 05:27:53.571306,Mumbai,Xiaomi 13,45,offline,0
txn_00240,4702.89,2025-06-27 05:27:53.571308,Bangalore,iPhone 14,50,online,0
txn_00241,4770.1,2025-06-08 05:27:53.571309,Mumbai,Xiaomi 13,65,offline,0
txn_00242,4575.17,2025-06-17 05:27:53.571311,Delhi,Samsung S24,58,online,0
txn_00243,1857.09,2025-06-12 05:27:53.571312,Delhi,Pixel 8,30,online,0
txn_00244,87.13,2025-06-27 05:27:53.571314,Mumbai,OnePlus 12,60,online,0
txn_00245,4642.31,2025-06-24 05:27:53.571315,Bangalore,OnePlus 12,62,offline,0
txn_00246,2146.64,2025-05-29 05:27:53.571317,Hyderabad,Pixel 8,42,online,1
txn_00247,4833.61,2025-06-16 05:27:53.571318,Hyderabad,iPhone 14,59,online,0
txn_00248,4818.46,2025-05-30 05:27:53.571320,Bangalore,Xiaomi 13,53,online,0
txn_00249,4266.52,2025-06-01 05:27:53.571321,Punjab,Samsung S24,44,online,0
txn_00250,1479.3,2025-06-02 05:27:53.571323,Delhi,Xiaomi 13,55,online,0
txn_00251,1931.64,2025-06-18 05:27:53.571324,Punjab,OnePlus 12,24,offline,0
txn_00252,4257.17,2025-06-20 05:27:53.571326,Bangalore,Pixel 8,22,offline,0
txn_00253,1591.44,2025-06-26 05:27:53.571327,Punjab,OnePlus 12,60,offline,0
txn_00254,855.77,2025-06-20 05:27:53.571329,Bangalore,OnePlus 12,62,online,0
txn_00255,2788.44,2025-05-30 05:27:53.571331,Hyderabad,Samsung S24,68,offline,0
txn_00256,4681.41,2025-06-09 05:27:53.571333,Hyderabad,iPhone 14,48,online,1
txn_00257,3483.19,2025-05-28 05:27:53.571335,Punjab,iPhone 14,40,online,1
txn_00258,2854.61,2025-06-25 05:27:53.571336,Punjab,Samsung S24,59,offline,0
txn_00259,494.91,2025-06-25 05:27:53.571338,Delhi,Pixel 8,27,offline,0
txn_00260,3078.89,2025-06-04 05:27:53.571339,Hyderabad,Xiaomi 13,49,online,0
txn_00261,4950.37,2025-06-12 05:27:53.571341,Delhi,Pixel 8,60,online,0
txn_00262,709.02,2025-06-01 05:27:53.571342,Punjab,Xiaomi 13,47,offline,0
txn_00263,2596.46,2025-06-25 05:27:53.571347,Bangalore,iPhone 14,56,offline,0
txn_00264,4388.09,2025-06-03 05:27:53.571348,Hyderabad,OnePlus 12,48,offline,0
txn_00265,3706.44,2025-06-10 05:27:53.571350,Bangalore,OnePlus 12,35,online,0
txn_00266,3488.11,2025-06-03 05:27:53.571351,Delhi,Pixel 8,53,online,0
txn_00267,3515.4,2025-06-23 05:27:53.571353,Delhi,Samsung S24,19,online,0
txn_00268,1803.86,2025-06-23 05:27:53.571354,Mumbai,Xiaomi 13,31,offline,0
txn_00269,1475.02,2025-06-06 05:27:53.571357,Hyderabad,OnePlus 12,30,online,0
txn_00270,4048.71,2025-06-12 05:27:53.571358,Hyderabad,Pixel 8,46,online,0
txn_00271,4052.47,2025-05-28 05:27:53.571360,Delhi,Samsung S24,29,online,0
txn_00272,4336.69,2025-06-10 05:27:53.571361,Bangalore,iPhone 14,56,offline,0
txn_00273,4567.07,2025-06-22 05:27:53.571363,Hyderabad,Samsung S24,19,offline,0
txn_00274,2561.6,2025-06-19 05:27:53.571364,Delhi,iPhone 14,49,online,0
txn_00275,2512.57,2025-06-11 05:27:53.571366,Mumbai,Pixel 8,30,offline,0
txn_00276,3993.49,2025-05-31 05:27:53.571367,Punjab,Samsung S24,63,online,0
txn_00277,3253.32,2025-06-08 05:27:53.571369,Hyderabad,Pixel 8,44,offline,0
txn_00278,3512.81,2025-06-14 05:27:53.571370,Punjab,iPhone 14,66,offline,0
txn_00279,3981.01,2025-05-28 05:27:53.571372,Bangalore,OnePlus 12,58,offline,0
txn_00280,4451.13,2025-06-21 05:27:53.571373,Mumbai,OnePlus 12,34,offline,0
txn_00281,1696.6,2025-05-29 05:27:53.571375,Hyderabad,iPhone 14,57,offline,1
txn_00282,1884.16,2025-06-10 05:27:53.571376,Punjab,Xiaomi 13,48,online,0
txn_00283,478.97,2025-06-03 05:27:53.571378,Punjab,Xiaomi 13,51,offline,0
txn_00284,2895.62,2025-06-04 05:27:53.571379,Delhi,OnePlus 12,41,offline,0
txn_00285,189.35,2025-06-05 05:27:53.571380,Punjab,OnePlus 12,62,offline,0
txn_00286,2333.33,2025-06-21 05:27:53.571382,Bangalore,Samsung S24,52,online,0
txn_00287,2717.8,2025-06-05 05:27:53.571383,Punjab,Samsung S24,65,offline,0
txn_00288,1439.84,2025-06-18 05:27:53.571385,Bangalore,OnePlus 12,23,online,0
txn_00289,2958.26,2025-06-15 05:27:53.571386,Bangalore,Xiaomi 13,36,online,0
txn_00290,162.2,2025-06-06 05:27:53.571388,Delhi,Samsung S24,47,offline,0
txn_00291,196.37,2025-06-07 05:27:53.571389,Mumbai,iPhone 14,24,online,0
txn_00292,4114.78,2025-06-16 05:27:53.571391,Bangalore,Samsung S24,27,online,0
txn_00293,1807.35,2025-06-13 05:27:53.571392,Punjab,Samsung S24,58,offline,0
txn_00294,644.03,2025-05-30 05:27:53.571394,Punjab,Samsung S24,49,online,0
txn_00295,2615.99,2025-06-11 05:27:53.571395,Bangalore,Pixel 8,51,online,0
txn_00296,3852.27,2025-06-13 05:27:53.571398,Punjab,iPhone 14,45,offline,0
txn_00297,1086.95,2025-06-24 05:27:53.571401,Hyderabad,OnePlus 12,32,online,0
txn_00298,3118.22,2025-06-20 05:27:53.571404,Delhi,Xiaomi 13,47,offline,1
txn_00299,435.88,2025-06-20 05:27:53.571406,Punjab,Xiaomi 13,54,offline,0
txn_00300,267.89,2025-06-25 05:27:53.571409,Delhi,OnePlus 12,46,online,0
txn_00301,2661.46,2025-06-17 05:27:53.571412,Bangalore,Pixel 8,39,offline,0
txn_00302,2707.77,2025-06-27 05:27:53.571415,Bangalore,Xiaomi 13,21,offline,0
txn_00303,3190.78,2025-06-09 05:27:53.571418,Bangalore,Samsung S24,37,online,0
txn_00304,3633.2,2025-06-10 05:27:53.571421,Delhi,Xiaomi 13,49,offline,1
txn_00305,4879.5,2025-06-20 05:27:53.571422,Punjab,iPhone 14,53,online,0
txn_00306,2586.34,2025-06-09 05:27:53.571424,Hyderabad,iPhone 14,67,online,0
txn_00307,1621.55,2025-06-20 05:27:53.571425,Delhi,OnePlus 12,21,offline,0
txn_00308,3977.98,2025-06-27 05:27:53.571427,Hyderabad,Pixel 8,44,offline,0
txn_00309,1361.45,2025-06-25 05:27:53.571429,Punjab,Pixel 8,34,online,0
txn_00310,2200.47,2025-06-05 05:27:53.571430,Punjab,Xiaomi 13,29,online,0
txn_00311,401.5,2025-06-07 05:27:53.571432,Delhi,Pixel 8,39,offline,0
txn_00312,136.5,2025-06-26 05:27:53.571433,Mumbai,Pixel 8,34,offline,0
txn_00313,4813.62,2025-06-20 05:27:53.571435,Hyderabad,Xiaomi 13,27,online,0
txn_00314,4181.54,2025-06-25 05:27:53.571436,Bangalore,iPhone 14,18,offline,0
txn_00315,3482.91,2025-05-30 05:27:53.571438,Hyderabad,Samsung S24,39,online,0
txn_00316,2050.68,2025-06-26 05:27:53.571439,Punjab,OnePlus 12,43,offline,0
txn_00317,874.74,2025-05-31 05:27:53.571441,Punjab,iPhone 14,35,online,0
txn_00318,790.62,2025-06-17 05:27:53.571442,Delhi,Pixel 8,67,online,0
txn_00319,1258.71,2025-06-25 05:27:53.571444,Mumbai,Pixel 8,31,offline,0
txn_00320,2750.64,2025-06-11 05:27:53.571445,Bangalore,Xiaomi 13,64,offline,0
txn_00321,3575.83,2025-06-20 05:27:53.571447,Hyderabad,OnePlus 12,46,offline,0
txn_00322,3304.38,2025-06-19 05:27:53.571448,Mumbai,Samsung S24,29,offline,0
txn_00323,1406.87,2025-06-06 05:27:53.571450,Bangalore,Xiaomi 13,53,offline,0
txn_00324,4774.78,2025-06-12 05:27:53.571451,Punjab,Xiaomi 13,52,offline,0
txn_00325,3692.11,2025-06-21 05:27:53.571453,Punjab,Samsung S24,69,offline,0
txn_00326,2776.23,2025-06-10 05:27:53.571454,Delhi,Samsung S24,29,online,0
txn_00327,3062.49,2025-06-23 05:27:53.571455,Delhi,Pixel 8,24,online,0
txn_00328,2103.8,2025-06-04 05:27:53.571457,Hyderabad,Xiaomi 13,46,online,0
txn_00329,1246.18,2025-05-29 05:27:53.571458,Mumbai,iPhone 14,28,online,0
txn_00330,1786.3,2025-05-30 05:27:53.571460,Mumbai,iPhone 14,50,offline,0
txn_00331,3791.65,2025-06-09 05:27:53.571461,Bangalore,Xiaomi 13,23,online,0
txn_00332,81.82,2025-06-09 05:27:53.571463,Hyderabad,Samsung S24,64,offline,0
txn_00333,589.2,2025-06-12 05:27:53.571464,Delhi,OnePlus 12,32,online,0
txn_00334,239.55,2025-06-20 05:27:53.571466,Hyderabad,Samsung S24,49,offline,0
txn_00335,213.24,2025-06-02 05:27:53.571467,Punjab,Samsung S24,68,online,0
txn_00336,4278.75,2025-06-12 05:27:53.571469,Delhi,OnePlus 12,28,offline,0
txn_00337,3521.25,2025-06-02 05:27:53.571471,Mumbai,Samsung S24,40,offline,0
txn_00338,2376.13,2025-06-14 05:27:53.571472,Delhi,OnePlus 12,43,online,0
txn_00339,498.19,2025-06-21 05:27:53.571474,Punjab,Xiaomi 13,51,online,0
txn_00340,2463.16,2025-06-24 05:27:53.571475,Delhi,OnePlus 12,63,offline,0
txn_00341,2372.62,2025-06-24 05:27:53.571477,Mumbai,iPhone 14,51,offline,0
txn_00342,874.28,2025-06-06 05:27:53.571479,Punjab,OnePlus 12,46,online,0
txn_00343,2174.92,2025-06-14 05:27:53.571480,Bangalore,Samsung S24,21,offline,0
txn_00344,1998.54,2025-06-16 05:27:53.571483,Hyderabad,Xiaomi 13,34,online,0
txn_00345,3083.09,2025-06-14 05:27:53.571486,Bangalore,OnePlus 12,52,offline,0
txn_00346,3179.12,2025-06-14 05:27:53.571489,Punjab,Samsung S24,30,online,1
txn_00347,236.07,2025-06-13 05:27:53.571492,Punjab,OnePlus 12,58,online,1
txn_00348,1879.32,2025-05-31 05:27:53.571498,Punjab,Xiaomi 13,56,offline,0
txn_00349,3133.04,2025-06-04 05:27:53.571501,Mumbai,Xiaomi 13,32,online,0
txn_00350,2520.65,2025-06-26 05:27:53.571505,Punjab,iPhone 14,46,offline,0
txn_00351,4283.88,2025-06-06 05:27:53.571507,Hyderabad,Xiaomi 13,46,offline,0
txn_00352,3296.88,2025-06-07 05:27:53.571511,Mumbai,Samsung S24,28,offline,0
txn_00353,823.04,2025-06-07 05:27:53.571515,Punjab,Xiaomi 13,69,online,0
txn_00354,362.14,2025-06-24 05:27:53.571518,Mumbai,Xiaomi 13,49,offline,0
txn_00355,3215.67,2025-06-26 05:27:53.571521,Hyderabad,Samsung S24,19,online,0
txn_00356,142.29,2025-06-15 05:27:53.571524,Hyderabad,Samsung S24,64,online,0
txn_00357,2933.02,2025-06-04 05:27:53.571528,Mumbai,Xiaomi 13,31,online,0
txn_00358,4701.75,2025-06-17 05:27:53.571529,Delhi,Xiaomi 13,37,offline,0
txn_00359,2881.62,2025-06-02 05:27:53.571531,Bangalore,OnePlus 12,39,offline,0
txn_00360,1946.97,2025-05-31 05:27:53.571533,Punjab,Xiaomi 13,28,online,0
txn_00361,3220.01,2025-06-24 05:27:53.571534,Bangalore,iPhone 14,44,online,0
txn_00362,2296.68,2025-06-20 05:27:53.571536,Hyderabad,iPhone 14,20,online,0
txn_00363,2732.63,2025-06-21 05:27:53.571537,Bangalore,iPhone 14,34,online,0
txn_00364,4707.91,2025-06-21 05:27:53.571539,Delhi,iPhone 14,61,online,0
txn_00365,1936.65,2025-06-10 05:27:53.571541,Bangalore,Xiaomi 13,45,offline,0
txn_00366,4806.34,2025-06-13 05:27:53.571542,Bangalore,OnePlus 12,46,offline,0
txn_00367,4527.7,2025-06-23 05:27:53.571544,Hyderabad,Samsung S24,38,online,1
txn_00368,987.0,2025-06-14 05:27:53.571545,Hyderabad,Xiaomi 13,64,offline,0
txn_00369,356.11,2025-06-22 05:27:53.571547,Punjab,Pixel 8,33,offline,0
txn_00370,512.88,2025-06-19 05:27:53.571549,Mumbai,Xiaomi 13,54,offline,0
txn_00371,100.93,2025-06-13 05:27:53.571550,Punjab,iPhone 14,37,offline,0
txn_00372,481.27,2025-06-20 05:27:53.571552,Hyderabad,Pixel 8,23,online,0
txn_00373,3418.2,2025-05-31 05:27:53.571554,Punjab,Xiaomi 13,36,online,0
txn_00374,365.23,2025-05-29 05:27:53.571555,Bangalore,OnePlus 12,22,offline,0
txn_00375,1601.69,2025-06-25 05:27:53.571557,Bangalore,OnePlus 12,20,online,0
txn_00376,4225.93,2025-06-13 05:27:53.571559,Hyderabad,Pixel 8,18,offline,0
txn_00377,126.13,2025-06-02 05:27:53.571560,Hyderabad,Samsung S24,55,online,0
txn_00378,4074.2,2025-05-31 05:27:53.571562,Punjab,Pixel 8,32,online,0
txn_00379,1416.46,2025-05-31 05:27:53.571563,Punjab,OnePlus 12,51,online,0
txn_00380,599.64,2025-06-10 05:27:53.571565,Bangalore,Pixel 8,52,online,0
txn_00381,3486.72,2025-06-24 05:27:53.571567,Mumbai,iPhone 14,66,offline,0
txn_00382,3148.42,2025-06-26 05:27:53.571568,Mumbai,iPhone 14,42,online,0
txn_00383,4388.59,2025-06-07 05:27:53.571570,Hyderabad,Samsung S24,41,offline,0
txn_00384,3678.0,2025-06-10 05:27:53.571572,Punjab,Pixel 8,29,offline,0
txn_00385,4019.37,2025-06-01 05:27:53.571573,Mumbai,Pixel 8,35,online,0
txn_00386,1417.35,2025-06-27 05:27:53.571575,Punjab,Pixel 8,32,offline,0
txn_00387,895.42,2025-06-25 05:27:53.571576,Delhi,Pixel 8,61,offline,0
txn_00388,3755.57,2025-05-29 05:27:53.571578,Bangalore,Samsung S24,33,offline,1
txn_00389,4036.11,2025-06-03 05:27:53.571580,Punjab,OnePlus 12,44,offline,0
txn_00390,4952.62,2025-05-31 05:27:53.571581,Punjab,Xiaomi 13,25,online,0
txn_00391,2068.96,2025-06-20 05:27:53.571583,Punjab,Samsung S24,63,online,0
txn_00392,1866.37,2025-06-22 05:27:53.571585,Mumbai,OnePlus 12,42,offline,0
txn_00393,3884.3,2025-06-14 05:27:53.571586,Punjab,OnePlus 12,34,offline,0
txn_00394,1710.61,2025-06-12 05:27:53.571588,Delhi,OnePlus 12,46,offline,1
txn_00395,4654.48,2025-06-12 05:27:53.571590,Mumbai,Pixel 8,25,offline,0
txn_00396,4293.48,2025-06-21 05:27:53.571592,Hyderabad,Samsung S24,32,offline,0
txn_00397,2150.68,2025-05-31 05:27:53.571594,Hyderabad,OnePlus 12,44,offline,0
txn_00398,3756.85,2025-06-15 05:27:53.571597,Bangalore,Xiaomi 13,63,online,0
txn_00399,3775.17,2025-05-30 05:27:53.571600,Delhi,Xiaomi 13,67,online,0
txn_00400,524.59,2025-06-26 05:27:53.571603,Punjab,iPhone 14,69,offline,0
txn_00401,4513.74,2025-06-22 05:27:53.571615,Delhi,OnePlus 12,24,offline,0
txn_00402,2531.21,2025-06-15 05:27:53.571618,Hyderabad,Samsung S24,20,online,0
txn_00403,4134.02,2025-06-27 05:27:53.571621,Punjab,Pixel 8,46,offline,0
txn_00404,1607.05,2025-06-15 05:27:53.571624,Delhi,iPhone 14,61,online,1
txn_00405,4478.66,2025-06-19 05:27:53.571628,Mumbai,OnePlus 12,41,offline,0
txn_00406,1952.12,2025-05-29 05:27:53.571631,Punjab,Pixel 8,20,online,0
txn_00407,64.08,2025-06-02 05:27:53.571633,Mumbai,Samsung S24,37,offline,0
txn_00408,4527.86,2025-06-02 05:27:53.571635,Delhi,Samsung S24,63,offline,0
txn_00409,465.52,2025-06-13 05:27:53.571636,Punjab,iPhone 14,32,offline,0
txn_00410,1603.38,2025-06-18 05:27:53.571638,Bangalore,iPhone 14,42,offline,0
txn_00411,4750.81,2025-06-14 05:27:53.571640,Bangalore,OnePlus 12,47,offline,0
txn_00412,4753.53,2025-06-05 05:27:53.571641,Hyderabad,Pixel 8,31,online,1
txn_00413,2871.46,2025-05-28 05:27:53.571643,Punjab,Xiaomi 13,24,offline,0
txn_00414,3162.87,2025-06-04 05:27:53.571645,Delhi,Pixel 8,34,offline,1
txn_00415,2247.74,2025-06-02 05:27:53.571646,Bangalore,Samsung S24,61,online,0
txn_00416,1473.12,2025-06-10 05:27:53.571648,Hyderabad,Samsung S24,37,online,0
txn_00417,1650.04,2025-06-06 05:27:53.571649,Punjab,OnePlus 12,53,online,0
txn_00418,3365.87,2025-06-05 05:27:53.571651,Bangalore,Xiaomi 13,26,offline,0
txn_00419,3764.35,2025-06-12 05:27:53.571653,Punjab,OnePlus 12,55,online,1
txn_00420,3959.98,2025-06-23 05:27:53.571654,Hyderabad,Samsung S24,65,online,0
txn_00421,3950.19,2025-06-21 05:27:53.571657,Delhi,Samsung S24,39,online,0
txn_00422,465.12,2025-06-18 05:27:53.571660,Hyderabad,Pixel 8,19,offline,0
txn_00423,2477.16,2025-06-21 05:27:53.571663,Delhi,Xiaomi 13,41,offline,0
txn_00424,297.22,2025-05-28 05:27:53.571666,Mumbai,Pixel 8,25,online,0
txn_00425,2752.15,2025-06-26 05:27:53.571669,Bangalore,Pixel 8,28,offline,1
txn_00426,2213.24,2025-06-09 05:27:53.571672,Mumbai,OnePlus 12,30,online,0
txn_00427,4439.64,2025-06-04 05:27:53.571674,Delhi,Pixel 8,34,online,0
txn_00428,1761.07,2025-06-10 05:27:53.571677,Punjab,iPhone 14,25,offline,0
txn_00429,594.16,2025-06-26 05:27:53.571680,Delhi,iPhone 14,38,online,0
txn_00430,723.53,2025-06-04 05:27:53.571683,Delhi,Pixel 8,35,offline,0
txn_00431,3809.94,2025-06-17 05:27:53.571686,Punjab,Xiaomi 13,47,online,0
txn_00432,3094.91,2025-06-26 05:27:53.571689,Mumbai,Pixel 8,35,offline,0
txn_00433,514.6,2025-06-26 05:27:53.571696,Bangalore,Samsung S24,63,offline,0
txn_00434,429.69,2025-06-09 05:27:53.571698,Delhi,Samsung S24,64,online,0
txn_00435,3507.84,2025-06-12 05:27:53.571699,Delhi,Xiaomi 13,48,offline,0
txn_00436,373.09,2025-06-11 05:27:53.571701,Bangalore,OnePlus 12,55,online,0
txn_00437,4111.08,2025-05-29 05:27:53.571703,Delhi,iPhone 14,49,online,0
txn_00438,3534.15,2025-05-31 05:27:53.571704,Bangalore,iPhone 14,28,offline,0
txn_00439,415.93,2025-06-11 05:27:53.571706,Bangalore,OnePlus 12,62,offline,0
txn_00440,433.34,2025-06-22 05:27:53.571708,Bangalore,Pixel 8,42,online,0
txn_00441,4933.33,2025-06-26 05:27:53.571709,Punjab,Xiaomi 13,50,offline,0
txn_00442,1877.61,2025-05-28 05:27:53.571711,Mumbai,Pixel 8,55,online,0
txn_00443,1859.5,2025-06-11 05:27:53.571712,Mumbai,OnePlus 12,58,online,0
txn_00444,4065.87,2025-06-25 05:27:53.571714,Hyderabad,Xiaomi 13,25,online,0
txn_00445,4736.77,2025-05-31 05:27:53.571716,Punjab,iPhone 14,28,online,1
txn_00446,4930.15,2025-06-22 05:27:53.571717,Hyderabad,iPhone 14,39,offline,0
txn_00447,3769.36,2025-06-25 05:27:53.571719,Mumbai,Pixel 8,68,online,0
txn_00448,1887.54,2025-06-08 05:27:53.571721,Mumbai,Samsung S24,41,online,0
txn_00449,426.67,2025-06-25 05:27:53.571724,Mumbai,OnePlus 12,58,online,0
txn_00450,3887.96,2025-06-06 05:27:53.571727,Delhi,OnePlus 12,34,offline,0
txn_00451,2796.44,2025-05-31 05:27:53.571730,Hyderabad,Pixel 8,29,online,0
txn_00452,2126.87,2025-06-20 05:27:53.571733,Punjab,OnePlus 12,63,online,0
txn_00453,4532.71,2025-06-15 05:27:53.571736,Hyderabad,iPhone 14,49,offline,0
txn_00454,564.88,2025-06-24 05:27:53.571739,Mumbai,Pixel 8,32,online,0
txn_00455,2468.2,2025-05-28 05:27:53.571742,Punjab,iPhone 14,33,offline,0
txn_00456,66.65,2025-05-30 05:27:53.571745,Hyderabad,Xiaomi 13,39,online,0
txn_00457,2348.62,2025-06-09 05:27:53.571751,Mumbai,Xiaomi 13,45,offline,0
txn_00458,290.95,2025-06-20 05:27:53.571754,Mumbai,Samsung S24,37,online,0
txn_00459,602.9,2025-06-09 05:27:53.571757,Punjab,OnePlus 12,50,online,0
txn_00460,596.46,2025-06-08 05:27:53.571760,Bangalore,Xiaomi 13,27,offline,0
txn_00461,3249.56,2025-06-26 05:27:53.571763,Punjab,OnePlus 12,57,online,0
txn_00462,3732.76,2025-06-08 05:27:53.571766,Bangalore,iPhone 14,49,online,0
txn_00463,2921.01,2025-06-25 05:27:53.571769,Delhi,Pixel 8,67,online,0
txn_00464,4811.24,2025-06-14 05:27:53.571771,Punjab,Xiaomi 13,50,offline,0
txn_00465,1880.6,2025-06-06 05:27:53.571774,Bangalore,Pixel 8,19,offline,0
txn_00466,1435.7,2025-06-09 05:27:53.571777,Hyderabad,Xiaomi 13,50,offline,0
txn_00467,4344.31,2025-06-09 05:27:53.571781,Mumbai,OnePlus 12,50,online,0
txn_00468,1125.74,2025-06-11 05:27:53.571784,Delhi,Xiaomi 13,58,offline,0
txn_00469,4816.48,2025-06-17 05:27:53.571787,Punjab,Xiaomi 13,30,online,0
txn_00470,70.65,2025-05-29 05:27:53.571788,Bangalore,iPhone 14,47,online,1
txn_00471,4849.7,2025-06-19 05:27:53.571790,Hyderabad,Samsung S24,50,online,0
txn_00472,225.37,2025-06-21 05:27:53.571792,Bangalore,iPhone 14,30,online,0
txn_00473,4456.8,2025-06-06 05:27:53.571793,Punjab,Pixel 8,69,online,0
txn_00474,2643.23,2025-06-05 05:27:53.571795,Bangalore,OnePlus 12,43,offline,0
txn_00475,4964.89,2025-06-17 05:27:53.571796,Punjab,OnePlus 12,39,offline,1
txn_00476,378.24,2025-06-20 05:27:53.571798,Bangalore,Xiaomi 13,56,online,0
txn_00477,2773.73,2025-06-19 05:27:53.571800,Mumbai,OnePlus 12,19,online,0
txn_00478,4846.82,2025-06-15 05:27:53.571801,Punjab,Samsung S24,55,offline,0
txn_00479,2620.26,2025-06-23 05:27:53.571803,Punjab,Samsung S24,56,offline,0
txn_00480,3150.7,2025-06-06 05:27:53.571805,Delhi,Xiaomi 13,43,online,0
txn_00481,3481.79,2025-06-07 05:27:53.571806,Mumbai,Xiaomi 13,63,online,0
txn_00482,2278.16,2025-06-18 05:27:53.571808,Punjab,Pixel 8,67,online,0
txn_00483,3141.51,2025-06-13 05:27:53.571810,Hyderabad,Xiaomi 13,32,online,1
txn_00484,2925.73,2025-06-17 05:27:53.571811,Bangalore,iPhone 14,51,online,0
txn_00485,4506.78,2025-05-29 05:27:53.571813,Hyderabad,iPhone 14,59,offline,0
txn_00486,236.78,2025-06-03 05:27:53.571815,Bangalore,iPhone 14,61,offline,0
txn_00487,1412.01,2025-05-29 05:27:53.571816,Bangalore,Samsung S24,66,offline,0
txn_00488,4752.55,2025-06-25 05:27:53.571818,Delhi,OnePlus 12,57,offline,0
txn_00489,4452.42,2025-06-27 05:27:53.571820,Punjab,Pixel 8,28,online,0
txn_00490,2283.73,2025-06-13 05:27:53.571821,Bangalore,Xiaomi 13,20,online,0
txn_00491,3104.46,2025-06-08 05:27:53.571823,Delhi,Pixel 8,23,offline,0
txn_00492,1394.13,2025-06-09 05:27:53.571824,Hyderabad,Samsung S24,26,online,1
txn_00493,948.72,2025-06-24 05:27:53.571826,Delhi,Xiaomi 13,23,online,0
txn_00494,2323.86,2025-06-25 05:27:53.571828,Hyderabad,Xiaomi 13,26,offline,0
txn_00495,1773.23,2025-06-10 05:27:53.571830,Punjab,Samsung S24,56,online,0
txn_00496,2922.44,2025-06-21 05:27:53.571832,Bangalore,OnePlus 12,48,offline,0
txn_00497,397.9,2025-06-11 05:27:53.571835,Mumbai,Xiaomi 13,49,online,0
txn_00498,4872.23,2025-06-19 05:27:53.571838,Hyderabad,OnePlus 12,58,online,0
txn_00499,4931.19,2025-06-23 05:27:53.571841,Bangalore,Samsung S24,67,offline,1
txn_00500,3493.83,2025-05-29 05:27:53.571844,Mumbai,Pixel 8,29,offline,0
txn_00501,2685.12,2025-06-16 05:27:53.571847,Mumbai,Xiaomi 13,25,online,1
txn_00502,1554.54,2025-05-30 05:27:53.571850,Hyderabad,OnePlus 12,25,online,0
txn_00503,4070.84,2025-06-25 05:27:53.571852,Bangalore,Xiaomi 13,67,offline,0
txn_00504,3426.81,2025-05-30 05:27:53.571856,Mumbai,OnePlus 12,45,offline,0
txn_00505,821.46,2025-06-20 05:27:53.571860,Delhi,Xiaomi 13,37,online,0
txn_00506,4555.53,2025-06-16 05:27:53.571864,Delhi,Xiaomi 13,64,online,0
txn_00507,4114.46,2025-06-18 05:27:53.571866,Bangalore,Xiaomi 13,24,offline,0
txn_00508,4749.5,2025-06-22 05:27:53.571867,Punjab,Pixel 8,28,online,0
txn_00509,3631.34,2025-06-13 05:27:53.571869,Delhi,Xiaomi 13,37,online,0
txn_00510,3070.94,2025-06-01 05:27:53.571870,Hyderabad,OnePlus 12,33,offline,0
txn_00511,2097.03,2025-06-10 05:27:53.571872,Bangalore,Pixel 8,21,offline,0
txn_00512,4664.32,2025-06-05 05:27:53.571873,Mumbai,iPhone 14,23,online,0
txn_00513,4331.66,2025-06-18 05:27:53.571875,Delhi,OnePlus 12,39,offline,0
txn_00514,235.64,2025-06-08 05:27:53.571876,Bangalore,OnePlus 12,43,offline,1
txn_00515,141.57,2025-06-02 05:27:53.571878,Bangalore,iPhone 14,20,offline,0
txn_00516,1888.55,2025-06-07 05:27:53.571881,Punjab,Pixel 8,58,online,1
txn_00517,4054.66,2025-06-11 05:27:53.571884,Mumbai,Xiaomi 13,59,offline,0
txn_00518,4936.51,2025-06-27 05:27:53.571887,Mumbai,OnePlus 12,31,online,0
txn_00519,760.58,2025-06-06 05:27:53.571889,Mumbai,iPhone 14,28,online,0
txn_00520,2974.71,2025-06-01 05:27:53.571892,Hyderabad,Xiaomi 13,35,online,0
txn_00521,1910.65,2025-06-10 05:27:53.571896,Bangalore,Pixel 8,29,online,0
txn_00522,4849.87,2025-06-18 05:27:53.571899,Hyderabad,OnePlus 12,40,offline,0
txn_00523,4212.17,2025-05-29 05:27:53.571902,Hyderabad,Xiaomi 13,29,online,0
txn_00524,4193.26,2025-06-06 05:27:53.571903,Bangalore,Xiaomi 13,30,online,0
txn_00525,2348.78,2025-06-24 05:27:53.571905,Mumbai,Samsung S24,42,online,0
txn_00526,2079.95,2025-05-28 05:27:53.571906,Bangalore,iPhone 14,62,offline,0
txn_00527,1374.3,2025-05-30 05:27:53.571908,Punjab,Xiaomi 13,68,offline,0
txn_00528,291.31,2025-06-23 05:27:53.571909,Bangalore,Pixel 8,36,offline,0
txn_00529,4324.96,2025-06-19 05:27:53.571911,Bangalore,Samsung S24,63,offline,0
txn_00530,4066.38,2025-06-24 05:27:53.571912,Delhi,Xiaomi 13,53,offline,0
txn_00531,4998.59,2025-05-30 05:27:53.571914,Punjab,Xiaomi 13,62,online,0
txn_00532,4983.22,2025-06-24 05:27:53.571915,Delhi,Pixel 8,25,online,0
txn_00533,2781.6,2025-06-04 05:27:53.571917,Mumbai,Samsung S24,46,offline,0
txn_00534,3847.25,2025-06-10 05:27:53.571918,Mumbai,Samsung S24,49,online,0
txn_00535,4724.38,2025-06-23 05:27:53.571920,Punjab,iPhone 14,68,offline,0
txn_00536,4249.74,2025-06-19 05:27:53.571921,Hyderabad,Xiaomi 13,61,online,0
txn_00537,1244.27,2025-06-18 05:27:53.571923,Bangalore,iPhone 14,35,online,0
txn_00538,2258.22,2025-06-08 05:27:53.571924,Delhi,Samsung S24,23,online,0
txn_00539,654.51,2025-06-21 05:27:53.571925,Punjab,iPhone 14,35,offline,0
txn_00540,4770.71,2025-06-05 05:27:53.571927,Delhi,Pixel 8,36,offline,0
txn_00541,3034.81,2025-06-17 05:27:53.571928,Bangalore,OnePlus 12,39,online,0
txn_00542,1150.93,2025-06-21 05:27:53.571930,Hyderabad,Pixel 8,54,offline,0
txn_00543,3361.79,2025-06-06 05:27:53.571931,Delhi,Samsung S24,49,offline,0
txn_00544,3094.46,2025-06-07 05:27:53.571933,Punjab,Pixel 8,58,online,0
txn_00545,1797.23,2025-05-31 05:27:53.571936,Bangalore,Samsung S24,20,online,0
txn_00546,576.65,2025-06-19 05:27:53.571939,Bangalore,Pixel 8,45,online,0
txn_00547,3361.15,2025-06-11 05:27:53.571942,Hyderabad,Xiaomi 13,27,online,0
txn_00548,2606.34,2025-06-12 05:27:53.571945,Punjab,Xiaomi 13,68,offline,0
txn_00549,3863.87,2025-06-19 05:27:53.571947,Bangalore,Pixel 8,52,online,0
txn_00550,2605.62,2025-05-30 05:27:53.571951,Delhi,iPhone 14,46,offline,0
txn_00551,4262.39,2025-05-29 05:27:53.571955,Mumbai,Samsung S24,32,online,0
txn_00552,2764.02,2025-05-31 05:27:53.571956,Punjab,Xiaomi 13,50,offline,0
txn_00553,2809.08,2025-06-26 05:27:53.571958,Delhi,Samsung S24,24,online,0
txn_00554,4384.5,2025-06-25 05:27:53.571959,Hyderabad,Xiaomi 13,29,online,0
txn_00555,2023.38,2025-06-07 05:27:53.571961,Hyderabad,OnePlus 12,66,online,0
txn_00556,678.74,2025-06-14 05:27:53.571963,Bangalore,Pixel 8,47,online,0
txn_00557,153.63,2025-06-01 05:27:53.571964,Hyderabad,Xiaomi 13,38,online,1
txn_00558,3778.13,2025-06-19 05:27:53.571966,Mumbai,Pixel 8,48,online,0
txn_00559,3105.34,2025-06-26 05:27:53.571967,Delhi,OnePlus 12,41,offline,0
txn_00560,3523.36,2025-06-27 05:27:53.571969,Punjab,Samsung S24,37,offline,0
txn_00561,1072.69,2025-06-17 05:27:53.571970,Bangalore,Pixel 8,54,offline,0
txn_00562,690.49,2025-06-03 05:27:53.571972,Punjab,Xiaomi 13,21,online,0
txn_00563,82.58,2025-06-23 05:27:53.571973,Delhi,OnePlus 12,45,offline,0
txn_00564,1759.43,2025-06-07 05:27:53.571974,Mumbai,Xiaomi 13,61,online,0
txn_00565,2953.69,2025-06-19 05:27:53.571976,Delhi,OnePlus 12,37,offline,0
txn_00566,1967.3,2025-06-22 05:27:53.571978,Delhi,OnePlus 12,41,online,0
txn_00567,2193.0,2025-06-04 05:27:53.571979,Bangalore,Xiaomi 13,67,online,0
txn_00568,4521.75,2025-06-13 05:27:53.571981,Punjab,Pixel 8,66,offline,0
txn_00569,1747.79,2025-06-10 05:27:53.571982,Delhi,Samsung S24,68,offline,0
txn_00570,2574.81,2025-06-05 05:27:53.571984,Delhi,Samsung S24,49,offline,0
txn_00571,3920.43,2025-06-14 05:27:53.571985,Mumbai,OnePlus 12,58,online,0
txn_00572,1988.75,2025-06-10 05:27:53.571987,Hyderabad,Xiaomi 13,53,offline,0
txn_00573,3114.21,2025-06-27 05:27:53.571988,Mumbai,OnePlus 12,51,online,0
txn_00574,4313.19,2025-06-24 05:27:53.571990,Punjab,Samsung S24,53,offline,0
txn_00575,4748.11,2025-06-25 05:27:53.571991,Punjab,OnePlus 12,19,offline,0
txn_00576,743.9,2025-05-28 05:27:53.571993,Bangalore,OnePlus 12,32,offline,0
txn_00577,4633.67,2025-05-30 05:27:53.571994,Hyderabad,Samsung S24,51,online,1
txn_00578,2465.66,2025-06-05 05:27:53.571996,Punjab,Pixel 8,53,offline,0
txn_00579,1298.64,2025-05-30 05:27:53.571997,Hyderabad,OnePlus 12,23,online,0
txn_00580,2301.09,2025-06-23 05:27:53.571999,Mumbai,Pixel 8,56,offline,0
txn_00581,4900.36,2025-06-10 05:27:53.572000,Punjab,OnePlus 12,59,online,0
txn_00582,2468.16,2025-06-26 05:27:53.572002,Delhi,Xiaomi 13,68,offline,0
txn_00583,1650.47,2025-06-01 05:27:53.572003,Punjab,OnePlus 12,68,online,1
txn_00584,3170.67,2025-06-16 05:27:53.572005,Hyderabad,OnePlus 12,29,online,0
txn_00585,1208.33,2025-06-09 05:27:53.572006,Punjab,iPhone 14,20,online,0
txn_00586,388.56,2025-06-10 05:27:53.572008,Bangalore,Xiaomi 13,62,online,0
txn_00587,653.11,2025-06-23 05:27:53.572009,Delhi,Xiaomi 13,35,online,0
txn_00588,648.95,2025-06-14 05:27:53.572011,Bangalore,Pixel 8,57,online,0
txn_00589,767.99,2025-06-23 05:27:53.572012,Mumbai,Pixel 8,38,online,0
txn_00590,702.75,2025-06-26 05:27:53.572014,Punjab,OnePlus 12,32,online,0
txn_00591,3207.96,2025-06-18 05:27:53.572015,Punjab,Samsung S24,50,offline,0
txn_00592,917.58,2025-06-16 05:27:53.572017,Mumbai,OnePlus 12,52,offline,1
txn_00593,1734.88,2025-05-30 05:27:53.572027,Bangalore,iPhone 14,43,offline,0
txn_00594,4484.97,2025-05-29 05:27:53.572029,Delhi,OnePlus 12,25,online,0
txn_00595,2375.07,2025-06-02 05:27:53.572031,Bangalore,iPhone 14,53,online,0
txn_00596,3341.11,2025-05-31 05:27:53.572033,Hyderabad,OnePlus 12,65,online,0
txn_00597,869.88,2025-06-26 05:27:53.572034,Bangalore,Pixel 8,47,offline,1
txn_00598,969.52,2025-05-30 05:27:53.572036,Delhi,OnePlus 12,40,online,0
txn_00599,213.93,2025-06-16 05:27:53.572037,Punjab,Pixel 8,59,offline,0
txn_00600,852.99,2025-06-21 05:27:53.572039,Bangalore,Samsung S24,61,online,0
txn_00601,1400.17,2025-06-06 05:27:53.572040,Mumbai,Samsung S24,31,offline,1
txn_00602,893.28,2025-06-20 05:27:53.572042,Delhi,Xiaomi 13,31,offline,0
txn_00603,452.63,2025-06-06 05:27:53.572044,Punjab,OnePlus 12,19,offline,0
txn_00604,611.97,2025-06-24 05:27:53.572058,Delhi,Xiaomi 13,54,online,0
txn_00605,2309.29,2025-06-16 05:27:53.572059,Mumbai,OnePlus 12,22,offline,1
txn_00606,1039.61,2025-06-03 05:27:53.572061,Hyderabad,Samsung S24,55,online,0
txn_00607,1827.71,2025-06-10 05:27:53.572062,Delhi,iPhone 14,62,online,0
txn_00608,2522.05,2025-05-30 05:27:53.572064,Delhi,Xiaomi 13,58,online,0
txn_00609,3455.07,2025-05-31 05:27:53.572065,Bangalore,Xiaomi 13,64,online,0
txn_00610,206.17,2025-06-14 05:27:53.572067,Mumbai,Samsung S24,31,online,0
txn_00611,3999.06,2025-06-08 05:27:53.572068,Mumbai,Samsung S24,56,offline,0
txn_00612,3143.22,2025-06-04 05:27:53.572070,Hyderabad,iPhone 14,42,online,0
txn_00613,417.98,2025-06-23 05:27:53.572072,Mumbai,Xiaomi 13,37,offline,0
txn_00614,4369.16,2025-05-29 05:27:53.572073,Delhi,Samsung S24,19,offline,0
txn_00615,4605.15,2025-05-29 05:27:53.572074,Hyderabad,Samsung S24,56,offline,0
txn_00616,314.78,2025-06-20 05:27:53.572076,Mumbai,iPhone 14,23,offline,0
txn_00617,1391.62,2025-05-31 05:27:53.572077,Hyderabad,iPhone 14,34,online,0
txn_00618,4032.94,2025-06-22 05:27:53.572079,Mumbai,Pixel 8,42,offline,0
txn_00619,3743.82,2025-06-02 05:27:53.572080,Mumbai,OnePlus 12,45,online,0
txn_00620,930.76,2025-06-02 05:27:53.572082,Bangalore,Pixel 8,19,offline,0
txn_00621,1054.65,2025-06-22 05:27:53.572083,Mumbai,iPhone 14,52,online,0
txn_00622,1858.66,2025-05-30 05:27:53.572085,Hyderabad,Samsung S24,54,offline,0
txn_00623,2427.77,2025-06-14 05:27:53.572086,Delhi,iPhone 14,22,offline,0
txn_00624,3095.09,2025-06-27 05:27:53.572088,Bangalore,Xiaomi 13,18,online,1
txn_00625,1850.88,2025-06-22 05:27:53.572089,Mumbai,Samsung S24,57,offline,0
txn_00626,2318.05,2025-06-04 05:27:53.572091,Mumbai,Pixel 8,29,offline,0
txn_00627,3739.88,2025-05-29 05:27:53.572092,Hyderabad,Pixel 8,53,offline,0
txn_00628,193.05,2025-06-17 05:27:53.572094,Bangalore,Pixel 8,62,online,0
txn_00629,1269.66,2025-06-02 05:27:53.572095,Mumbai,Samsung S24,40,online,0
txn_00630,3569.61,2025-05-29 05:27:53.572097,Delhi,OnePlus 12,64,online,0
txn_00631,4477.08,2025-06-14 05:27:53.572098,Delhi,OnePlus 12,48,online,0
txn_00632,2563.27,2025-06-02 05:27:53.572102,Mumbai,OnePlus 12,28,offline,0
txn_00633,2665.25,2025-06-06 05:27:53.572105,Delhi,iPhone 14,27,online,0
txn_00634,544.79,2025-05-31 05:27:53.572108,Bangalore,iPhone 14,20,online,0
txn_00635,2242.59,2025-06-04 05:27:53.572111,Mumbai,Xiaomi 13,31,offline,1
txn_00636,2667.76,2025-06-02 05:27:53.572114,Hyderabad,Samsung S24,33,online,0
txn_00637,1219.93,2025-06-20 05:27:53.572117,Bangalore,Xiaomi 13,27,offline,0
txn_00638,1353.52,2025-06-19 05:27:53.572120,Delhi,iPhone 14,46,online,0
txn_00639,1892.65,2025-06-22 05:27:53.572122,Mumbai,Samsung S24,27,offline,0
txn_00640,110.16,2025-06-02 05:27:53.572126,Bangalore,Pixel 8,29,offline,0
txn_00641,1617.18,2025-06-05 05:27:53.572128,Delhi,Samsung S24,47,online,0
txn_00642,1065.13,2025-06-24 05:27:53.572132,Mumbai,iPhone 14,58,online,0
txn_00643,1644.21,2025-06-15 05:27:53.572134,Punjab,Pixel 8,18,online,1
txn_00644,607.61,2025-05-31 05:27:53.572137,Hyderabad,Pixel 8,22,offline,0
txn_00645,4453.73,2025-06-26 05:27:53.572139,Delhi,Samsung S24,37,offline,0
txn_00646,2972.03,2025-05-31 05:27:53.572140,Delhi,OnePlus 12,25,online,0
txn_00647,3398.72,2025-06-12 05:27:53.572142,Punjab,iPhone 14,60,online,0
txn_00648,3947.96,2025-06-20 05:27:53.572143,Punjab,iPhone 14,29,offline,0
txn_00649,2497.23,2025-06-21 05:27:53.572145,Bangalore,OnePlus 12,18,online,0
txn_00650,443.73,2025-06-01 05:27:53.572146,Hyderabad,Xiaomi 13,37,online,0
txn_00651,2690.16,2025-05-29 05:27:53.572148,Hyderabad,Xiaomi 13,45,online,0
txn_00652,2938.34,2025-06-13 05:27:53.572149,Delhi,iPhone 14,60,offline,0
txn_00653,3729.74,2025-06-16 05:27:53.572151,Punjab,OnePlus 12,54,offline,0
txn_00654,2163.98,2025-06-18 05:27:53.572152,Hyderabad,OnePlus 12,64,offline,0
txn_00655,646.63,2025-06-01 05:27:53.572154,Mumbai,Pixel 8,54,online,0
txn_00656,1426.04,2025-06-02 05:27:53.572156,Hyderabad,Xiaomi 13,29,online,0
txn_00657,1821.78,2025-05-31 05:27:53.572157,Delhi,Xiaomi 13,54,online,0
txn_00658,3233.13,2025-06-20 05:27:53.572158,Hyderabad,Pixel 8,66,offline,0
txn_00659,2858.18,2025-06-20 05:27:53.572160,Bangalore,Samsung S24,66,online,0
txn_00660,1786.92,2025-06-27 05:27:53.572161,Punjab,Xiaomi 13,61,online,0
txn_00661,4932.71,2025-06-06 05:27:53.572163,Delhi,Pixel 8,45,offline,0
txn_00662,3032.82,2025-06-21 05:27:53.572164,Delhi,OnePlus 12,64,online,0
txn_00663,1193.76,2025-06-15 05:27:53.572166,Punjab,Samsung S24,32,online,0
txn_00664,517.89,2025-06-17 05:27:53.572167,Punjab,iPhone 14,23,offline,0
txn_00665,772.77,2025-06-19 05:27:53.572169,Punjab,OnePlus 12,61,offline,0
txn_00666,1237.33,2025-05-31 05:27:53.572170,Delhi,Samsung S24,37,offline,1
txn_00667,811.8,2025-06-25 05:27:53.572172,Punjab,Pixel 8,67,offline,0
txn_00668,940.97,2025-05-28 05:27:53.572173,Punjab,OnePlus 12,31,offline,0
txn_00669,1432.62,2025-06-03 05:27:53.572175,Delhi,Samsung S24,19,offline,0
txn_00670,875.13,2025-06-19 05:27:53.572176,Delhi,iPhone 14,26,offline,0
txn_00671,4484.86,2025-06-16 05:27:53.572178,Bangalore,OnePlus 12,54,offline,0
txn_00672,410.37,2025-06-07 05:27:53.572179,Hyderabad,OnePlus 12,37,online,0
txn_00673,2627.31,2025-06-11 05:27:53.572181,Mumbai,Xiaomi 13,43,online,0
txn_00674,2057.88,2025-06-15 05:27:53.572184,Delhi,Samsung S24,46,online,0
txn_00675,4912.07,2025-06-06 05:27:53.572187,Mumbai,Samsung S24,18,online,0
txn_00676,569.07,2025-06-01 05:27:53.572190,Bangalore,Xiaomi 13,52,online,0
txn_00677,1995.3,2025-06-10 05:27:53.572193,Hyderabad,Pixel 8,23,online,0
txn_00678,4847.66,2025-06-17 05:27:53.572196,Hyderabad,Pixel 8,54,online,1
txn_00679,4328.88,2025-05-28 05:27:53.572199,Hyderabad,Xiaomi 13,22,online,0
txn_00680,4087.19,2025-06-27 05:27:53.572202,Bangalore,OnePlus 12,50,offline,0
txn_00681,1296.94,2025-06-24 05:27:53.572205,Punjab,iPhone 14,66,offline,0
txn_00682,862.73,2025-05-30 05:27:53.572208,Hyderabad,Pixel 8,68,offline,0
txn_00683,3346.53,2025-06-19 05:27:53.572210,Hyderabad,iPhone 14,31,offline,0
txn_00684,4647.59,2025-06-22 05:27:53.572213,Bangalore,Samsung S24,29,online,0
txn_00685,2788.25,2025-06-09 05:27:53.572216,Punjab,Samsung S24,59,offline,0
txn_00686,2862.35,2025-05-28 05:27:53.572219,Hyderabad,Pixel 8,37,online,0
txn_00687,1407.1,2025-06-19 05:27:53.572222,Hyderabad,OnePlus 12,67,offline,0
txn_00688,3849.77,2025-06-26 05:27:53.572225,Punjab,Samsung S24,41,offline,0
txn_00689,943.35,2025-06-24 05:27:53.572233,Delhi,iPhone 14,60,offline,0
txn_00690,1625.16,2025-06-08 05:27:53.572235,Delhi,OnePlus 12,51,offline,0
txn_00691,2132.93,2025-06-14 05:27:53.572236,Hyderabad,Pixel 8,42,online,0
txn_00692,2542.98,2025-06-16 05:27:53.572237,Mumbai,Samsung S24,67,online,0
txn_00693,1219.62,2025-06-04 05:27:53.572239,Punjab,Pixel 8,46,online,0
txn_00694,583.04,2025-06-02 05:27:53.572240,Punjab,OnePlus 12,56,offline,0
txn_00695,3056.99,2025-06-17 05:27:53.572242,Mumbai,OnePlus 12,48,online,0
txn_00696,1450.27,2025-06-14 05:27:53.572243,Punjab,OnePlus 12,64,online,1
txn_00697,2910.38,2025-06-08 05:27:53.572245,Bangalore,Xiaomi 13,60,offline,0
txn_00698,780.27,2025-06-11 05:27:53.572246,Punjab,Xiaomi 13,67,online,0
txn_00699,2410.89,2025-06-24 05:27:53.572248,Punjab,iPhone 14,40,online,0
txn_00700,2667.62,2025-06-15 05:27:53.572249,Punjab,OnePlus 12,61,online,0
txn_00701,268.6,2025-05-30 05:27:53.572251,Delhi,OnePlus 12,55,offline,0
txn_00702,1689.66,2025-06-09 05:27:53.572252,Bangalore,Samsung S24,37,offline,0
txn_00703,680.73,2025-06-21 05:27:53.572254,Punjab,iPhone 14,40,online,0
txn_00704,326.24,2025-06-19 05:27:53.572255,Bangalore,iPhone 14,62,offline,0
txn_00705,4949.9,2025-06-26 05:27:53.572257,Bangalore,Pixel 8,69,offline,0
txn_00706,1618.55,2025-06-05 05:27:53.572259,Bangalore,OnePlus 12,33,online,1
txn_00707,4051.27,2025-06-14 05:27:53.572260,Mumbai,Samsung S24,67,online,0
txn_00708,1280.66,2025-06-27 05:27:53.572262,Punjab,Pixel 8,59,offline,0
txn_00709,3410.7,2025-06-11 05:27:53.572263,Delhi,Xiaomi 13,25,offline,0
txn_00710,3803.54,2025-05-29 05:27:53.572265,Delhi,OnePlus 12,67,online,0
txn_00711,2982.24,2025-06-02 05:27:53.572266,Delhi,iPhone 14,38,online,0
txn_00712,2363.17,2025-06-10 05:27:53.572268,Delhi,OnePlus 12,18,offline,1
txn_00713,2065.09,2025-06-06 05:27:53.572269,Punjab,OnePlus 12,25,online,0
txn_00714,1750.85,2025-06-04 05:27:53.572271,Delhi,Xiaomi 13,46,online,0
txn_00715,4648.35,2025-05-28 05:27:53.572272,Bangalore,Samsung S24,49,online,0
txn_00716,4154.79,2025-06-04 05:27:53.572273,Mumbai,Samsung S24,55,online,0
txn_00717,4825.48,2025-06-04 05:27:53.572275,Hyderabad,Samsung S24,22,online,1
txn_00718,630.24,2025-06-06 05:27:53.572276,Delhi,Pixel 8,64,online,0
txn_00719,3657.03,2025-06-21 05:27:53.572278,Hyderabad,Samsung S24,39,online,0
txn_00720,4692.32,2025-06-16 05:27:53.572279,Hyderabad,Pixel 8,64,online,0
txn_00721,914.35,2025-06-14 05:27:53.572281,Hyderabad,Xiaomi 13,51,offline,0
txn_00722,341.82,2025-06-25 05:27:53.572283,Bangalore,OnePlus 12,18,offline,0
txn_00723,3708.19,2025-05-28 05:27:53.572286,Delhi,Pixel 8,43,online,0
txn_00724,2876.62,2025-06-06 05:27:53.572288,Punjab,Xiaomi 13,60,offline,0
txn_00725,4210.73,2025-05-29 05:27:53.572291,Bangalore,Pixel 8,27,online,0
txn_00726,707.46,2025-06-17 05:27:53.572294,Punjab,Xiaomi 13,47,online,0
txn_00727,3978.38,2025-06-08 05:27:53.572297,Delhi,Samsung S24,67,online,0
txn_00728,1016.12,2025-06-17 05:27:53.572300,Bangalore,Samsung S24,35,online,0
txn_00729,826.64,2025-06-06 05:27:53.572304,Hyderabad,Xiaomi 13,34,offline,0
txn_00730,829.69,2025-05-31 05:27:53.572306,Bangalore,iPhone 14,43,online,0
txn_00731,4074.73,2025-06-24 05:27:53.572307,Bangalore,Xiaomi 13,25,online,0
txn_00732,3329.33,2025-06-04 05:27:53.572309,Delhi,Pixel 8,64,offline,0
txn_00733,2620.1,2025-05-30 05:27:53.572310,Hyderabad,Xiaomi 13,57,online,0
txn_00734,1800.56,2025-06-18 05:27:53.572312,Hyderabad,OnePlus 12,66,online,0
txn_00735,4387.23,2025-06-11 05:27:53.572313,Mumbai,iPhone 14,29,offline,0
txn_00736,1968.3,2025-06-18 05:27:53.572315,Mumbai,Xiaomi 13,44,online,1
txn_00737,4084.83,2025-06-06 05:27:53.572316,Punjab,iPhone 14,25,online,0
txn_00738,2201.28,2025-06-14 05:27:53.572318,Mumbai,iPhone 14,42,offline,0
txn_00739,1890.95,2025-06-17 05:27:53.572319,Delhi,Xiaomi 13,63,offline,0
txn_00740,2318.77,2025-06-15 05:27:53.572320,Bangalore,Xiaomi 13,21,offline,0
txn_00741,1513.88,2025-06-05 05:27:53.572322,Hyderabad,Samsung S24,50,online,0
txn_00742,3740.57,2025-06-18 05:27:53.572323,Bangalore,Xiaomi 13,18,offline,0
txn_00743,2518.57,2025-06-10 05:27:53.572325,Delhi,Xiaomi 13,36,offline,1
txn_00744,1168.74,2025-06-23 05:27:53.572326,Bangalore,Samsung S24,48,online,0
txn_00745,4498.88,2025-06-21 05:27:53.572328,Hyderabad,Samsung S24,33,offline,0
txn_00746,1925.62,2025-06-14 05:27:53.572329,Mumbai,OnePlus 12,31,online,0
txn_00747,2722.33,2025-06-06 05:27:53.572331,Punjab,Xiaomi 13,65,online,0
txn_00748,4533.3,2025-05-28 05:27:53.572332,Hyderabad,Pixel 8,22,offline,1
txn_00749,3124.95,2025-06-15 05:27:53.572334,Hyderabad,iPhone 14,58,offline,0
txn_00750,593.32,2025-06-06 05:27:53.572335,Hyderabad,Samsung S24,43,offline,0
txn_00751,4699.76,2025-06-04 05:27:53.572337,Hyderabad,Xiaomi 13,45,online,0
txn_00752,3142.26,2025-05-30 05:27:53.572338,Delhi,Pixel 8,19,online,0
txn_00753,1681.18,2025-06-22 05:27:53.572340,Hyderabad,iPhone 14,67,online,0
txn_00754,704.97,2025-06-08 05:27:53.572341,Bangalore,Xiaomi 13,23,offline,0
txn_00755,3972.19,2025-06-09 05:27:53.572344,Delhi,Pixel 8,26,offline,0
txn_00756,3104.16,2025-06-18 05:27:53.572346,Mumbai,iPhone 14,50,offline,0
txn_00757,2671.97,2025-06-15 05:27:53.572348,Bangalore,Pixel 8,58,offline,0
txn_00758,4470.52,2025-06-10 05:27:53.572350,Bangalore,Samsung S24,42,online,0
txn_00759,3945.1,2025-06-01 05:27:53.572351,Bangalore,Xiaomi 13,65,online,0
txn_00760,766.86,2025-06-27 05:27:53.572353,Bangalore,Pixel 8,30,offline,0
txn_00761,1565.49,2025-06-18 05:27:53.572355,Delhi,Pixel 8,26,offline,0
txn_00762,1249.96,2025-06-18 05:27:53.572357,Mumbai,Xiaomi 13,30,online,0
txn_00763,3722.29,2025-06-21 05:27:53.572358,Mumbai,iPhone 14,48,offline,0
txn_00764,177.33,2025-06-14 05:27:53.572360,Hyderabad,Xiaomi 13,58,online,0
txn_00765,2853.75,2025-06-02 05:27:53.572361,Punjab,Pixel 8,28,online,0
txn_00766,3814.67,2025-06-09 05:27:53.572363,Delhi,OnePlus 12,21,online,0
txn_00767,4385.06,2025-06-08 05:27:53.572364,Mumbai,iPhone 14,51,offline,0
txn_00768,1716.99,2025-06-07 05:27:53.572366,Delhi,Pixel 8,55,offline,0
txn_00769,4108.07,2025-06-17 05:27:53.572367,Delhi,OnePlus 12,63,offline,0
txn_00770,562.05,2025-06-13 05:27:53.572369,Hyderabad,iPhone 14,21,offline,0
txn_00771,4233.8,2025-06-13 05:27:53.572370,Mumbai,Samsung S24,55,offline,0
txn_00772,646.17,2025-06-13 05:27:53.572372,Punjab,Xiaomi 13,36,offline,0
txn_00773,1992.46,2025-06-06 05:27:53.572373,Punjab,iPhone 14,23,offline,0
txn_00774,3988.5,2025-06-21 05:27:53.572375,Punjab,iPhone 14,51,offline,1
txn_00775,758.09,2025-06-11 05:27:53.572376,Bangalore,Pixel 8,35,online,0
txn_00776,1153.96,2025-06-12 05:27:53.572378,Mumbai,OnePlus 12,30,online,0
txn_00777,3614.04,2025-06-02 05:27:53.572379,Bangalore,iPhone 14,58,offline,0
txn_00778,3602.98,2025-05-30 05:27:53.572381,Bangalore,Xiaomi 13,40,online,0
txn_00779,3209.33,2025-05-28 05:27:53.572382,Bangalore,iPhone 14,36,online,0
txn_00780,3472.8,2025-06-02 05:27:53.572384,Hyderabad,iPhone 14,62,offline,0
txn_00781,2718.19,2025-06-04 05:27:53.572385,Hyderabad,Pixel 8,28,online,0
txn_00782,1266.48,2025-06-22 05:27:53.572387,Delhi,iPhone 14,18,offline,0
txn_00783,1735.02,2025-06-06 05:27:53.572388,Delhi,OnePlus 12,41,offline,0
txn_00784,916.17,2025-06-25 05:27:53.572390,Mumbai,Pixel 8,24,online,0
txn_00785,4543.17,2025-06-18 05:27:53.572393,Mumbai,Samsung S24,42,online,0
txn_00786,2921.13,2025-06-11 05:27:53.572394,Hyderabad,Samsung S24,38,online,0
txn_00787,2010.25,2025-06-06 05:27:53.572396,Delhi,Pixel 8,32,online,0
txn_00788,2315.41,2025-06-07 05:27:53.572397,Delhi,OnePlus 12,18,online,0
txn_00789,4736.94,2025-06-08 05:27:53.572399,Bangalore,Pixel 8,29,offline,0
txn_00790,775.22,2025-06-17 05:27:53.572400,Punjab,Pixel 8,24,online,0
txn_00791,2935.29,2025-06-25 05:27:53.572402,Punjab,Pixel 8,32,online,0
txn_00792,2534.38,2025-06-01 05:27:53.572403,Punjab,Pixel 8,38,offline,0
txn_00793,3061.16,2025-05-28 05:27:53.572405,Hyderabad,iPhone 14,36,offline,0
txn_00794,100.37,2025-06-03 05:27:53.572406,Punjab,Xiaomi 13,46,online,0
txn_00795,4361.9,2025-06-20 05:27:53.572408,Punjab,Samsung S24,42,online,0
txn_00796,4661.27,2025-06-06 05:27:53.572409,Bangalore,OnePlus 12,50,online,0
txn_00797,2830.01,2025-06-18 05:27:53.572411,Mumbai,iPhone 14,66,offline,0
txn_00798,3486.29,2025-06-20 05:27:53.572412,Hyderabad,Samsung S24,49,offline,0
txn_00799,4613.27,2025-06-02 05:27:53.572414,Delhi,Xiaomi 13,66,online,0
txn_00800,3539.12,2025-06-21 05:27:53.572415,Bangalore,Pixel 8,52,offline,1
txn_00801,771.17,2025-06-23 05:27:53.572416,Punjab,Xiaomi 13,61,online,0
txn_00802,2885.68,2025-06-27 05:27:53.572418,Delhi,Samsung S24,55,online,0
txn_00803,3037.51,2025-06-26 05:27:53.572419,Bangalore,Samsung S24,43,offline,0
txn_00804,2126.41,2025-06-20 05:27:53.572421,Hyderabad,iPhone 14,28,offline,0
txn_00805,3684.86,2025-06-12 05:27:53.572423,Punjab,iPhone 14,52,online,0
txn_00806,4672.49,2025-06-08 05:27:53.572424,Hyderabad,OnePlus 12,25,offline,0
txn_00807,4628.59,2025-05-31 05:27:53.572426,Bangalore,Pixel 8,63,online,1
txn_00808,2259.69,2025-06-03 05:27:53.572427,Delhi,Xiaomi 13,31,online,0
txn_00809,575.06,2025-06-25 05:27:53.572429,Mumbai,Pixel 8,27,online,0
txn_00810,4924.36,2025-06-13 05:27:53.572430,Punjab,Xiaomi 13,19,online,0
txn_00811,4196.1,2025-06-14 05:27:53.572432,Hyderabad,Pixel 8,63,online,0
txn_00812,632.07,2025-05-30 05:27:53.572433,Delhi,Samsung S24,26,online,0
txn_00813,4605.0,2025-06-07 05:27:53.572435,Delhi,Samsung S24,20,offline,0
txn_00814,4350.78,2025-06-09 05:27:53.572436,Mumbai,Pixel 8,38,online,0
txn_00815,2599.0,2025-06-21 05:27:53.572438,Bangalore,OnePlus 12,43,offline,0
txn_00816,2960.46,2025-06-05 05:27:53.572439,Mumbai,Samsung S24,25,online,0
txn_00817,2001.02,2025-06-05 05:27:53.572441,Mumbai,OnePlus 12,65,online,1
txn_00818,283.26,2025-06-15 05:27:53.572442,Bangalore,Samsung S24,19,offline,0
txn_00819,1682.63,2025-06-12 05:27:53.572444,Bangalore,iPhone 14,23,online,1
txn_00820,4016.24,2025-06-15 05:27:53.572445,Bangalore,iPhone 14,45,offline,0
txn_00821,33.11,2025-06-20 05:27:53.572447,Delhi,Pixel 8,46,online,0
txn_00822,1674.16,2025-06-23 05:27:53.572448,Delhi,Xiaomi 13,43,online,0
txn_00823,1996.86,2025-06-07 05:27:53.572450,Punjab,iPhone 14,42,online,0
txn_00824,2691.6,2025-06-05 05:27:53.572451,Punjab,Samsung S24,29,online,1
txn_00825,4600.08,2025-06-27 05:27:53.572453,Mumbai,Samsung S24,22,online,0
txn_00826,1738.27,2025-05-30 05:27:53.572454,Mumbai,iPhone 14,51,offline,1
txn_00827,1741.3,2025-06-03 05:27:53.572456,Punjab,iPhone 14,65,online,0
txn_00828,3690.13,2025-05-31 05:27:53.572457,Hyderabad,Xiaomi 13,54,offline,0
txn_00829,2266.57,2025-06-03 05:27:53.572460,Mumbai,iPhone 14,32,offline,0
txn_00830,1130.78,2025-05-30 05:27:53.572463,Hyderabad,Pixel 8,61,online,0
txn_00831,2267.67,2025-06-24 05:27:53.572465,Hyderabad,Xiaomi 13,53,offline,0
txn_00832,712.88,2025-06-03 05:27:53.572468,Bangalore,iPhone 14,32,offline,0
txn_00833,890.17,2025-06-14 05:27:53.572471,Delhi,Samsung S24,60,offline,0
txn_00834,2496.86,2025-06-20 05:27:53.572474,Punjab,iPhone 14,65,online,0
txn_00835,2100.44,2025-06-22 05:27:53.572477,Delhi,Pixel 8,40,online,0
txn_00836,4575.08,2025-06-02 05:27:53.572479,Punjab,Pixel 8,23,offline,0
txn_00837,1818.35,2025-05-28 05:27:53.572482,Delhi,Samsung S24,63,offline,0
txn_00838,2907.14,2025-06-05 05:27:53.572485,Punjab,Xiaomi 13,67,offline,0
txn_00839,3165.0,2025-06-11 05:27:53.572488,Delhi,Samsung S24,61,online,0
txn_00840,75.34,2025-06-13 05:27:53.572491,Bangalore,iPhone 14,60,offline,0
txn_00841,3321.05,2025-06-26 05:27:53.572494,Hyderabad,Samsung S24,62,online,0
txn_00842,898.4,2025-06-10 05:27:53.572496,Punjab,Xiaomi 13,38,online,0
txn_00843,4805.74,2025-06-20 05:27:53.572499,Hyderabad,OnePlus 12,40,offline,1
txn_00844,751.83,2025-05-29 05:27:53.572502,Punjab,Samsung S24,60,offline,0
txn_00845,2078.97,2025-05-31 05:27:53.572505,Punjab,Xiaomi 13,33,offline,0
txn_00846,435.89,2025-06-24 05:27:53.572508,Bangalore,OnePlus 12,64,online,0
txn_00847,4984.4,2025-06-13 05:27:53.572510,Delhi,Xiaomi 13,32,online,0
txn_00848,2515.95,2025-06-23 05:27:53.572511,Punjab,Xiaomi 13,42,online,0
txn_00849,2980.97,2025-06-02 05:27:53.572513,Delhi,OnePlus 12,53,offline,0
txn_00850,344.71,2025-06-13 05:27:53.572514,Bangalore,Samsung S24,28,online,0
txn_00851,3752.3,2025-06-06 05:27:53.572516,Mumbai,OnePlus 12,68,online,0
txn_00852,1057.43,2025-06-11 05:27:53.572517,Hyderabad,Samsung S24,32,offline,1
txn_00853,4491.29,2025-06-10 05:27:53.572519,Punjab,Xiaomi 13,21,online,0
txn_00854,1033.65,2025-06-08 05:27:53.572520,Bangalore,Samsung S24,38,online,0
txn_00855,961.53,2025-06-17 05:27:53.572522,Delhi,Pixel 8,30,offline,0
txn_00856,192.38,2025-05-28 05:27:53.572524,Punjab,OnePlus 12,39,online,0
txn_00857,2365.61,2025-06-03 05:27:53.572525,Delhi,OnePlus 12,36,offline,0
txn_00858,2828.56,2025-05-30 05:27:53.572527,Mumbai,iPhone 14,51,online,0
txn_00859,337.89,2025-06-13 05:27:53.572528,Punjab,Xiaomi 13,31,online,0
txn_00860,3879.88,2025-06-08 05:27:53.572530,Hyderabad,Xiaomi 13,21,offline,0
txn_00861,2271.91,2025-06-01 05:27:53.572538,Punjab,Samsung S24,65,offline,0
txn_00862,2626.71,2025-06-04 05:27:53.572540,Hyderabad,Pixel 8,69,online,0
txn_00863,2209.41,2025-05-30 05:27:53.572542,Delhi,Xiaomi 13,63,online,1
txn_00864,2009.81,2025-06-11 05:27:53.572543,Punjab,Pixel 8,44,offline,1
txn_00865,2802.61,2025-06-14 05:27:53.572545,Bangalore,iPhone 14,46,offline,0
txn_00866,784.65,2025-06-01 05:27:53.572546,Bangalore,OnePlus 12,64,online,0
txn_00867,917.82,2025-05-29 05:27:53.572548,Mumbai,Pixel 8,45,offline,0
txn_00868,4310.31,2025-06-10 05:27:53.572550,Bangalore,Xiaomi 13,52,online,0
txn_00869,4731.12,2025-06-13 05:27:53.572551,Mumbai,OnePlus 12,25,online,0
txn_00870,1872.81,2025-05-30 05:27:53.572553,Delhi,Pixel 8,33,online,0
txn_00871,1361.02,2025-06-22 05:27:53.572554,Hyderabad,Pixel 8,59,offline,0
txn_00872,3223.56,2025-06-04 05:27:53.572556,Delhi,Samsung S24,53,offline,0
txn_00873,2049.58,2025-05-31 05:27:53.572557,Hyderabad,OnePlus 12,47,online,0
txn_00874,136.68,2025-06-12 05:27:53.572559,Hyderabad,Pixel 8,35,online,1
txn_00875,789.2,2025-06-13 05:27:53.572562,Mumbai,Samsung S24,19,online,0
txn_00876,3582.7,2025-06-19 05:27:53.572564,Bangalore,Xiaomi 13,66,offline,0
txn_00877,3298.03,2025-06-03 05:27:53.572567,Bangalore,Pixel 8,30,offline,1
txn_00878,145.21,2025-06-20 05:27:53.572570,Mumbai,Samsung S24,21,offline,0
txn_00879,1117.64,2025-06-01 05:27:53.572573,Mumbai,Samsung S24,43,online,0
txn_00880,1163.06,2025-06-07 05:27:53.572576,Delhi,OnePlus 12,42,offline,0
txn_00881,3362.74,2025-06-19 05:27:53.572579,Mumbai,Samsung S24,47,offline,0
txn_00882,108.36,2025-06-03 05:27:53.572581,Bangalore,Pixel 8,28,offline,0
txn_00883,529.5,2025-06-03 05:27:53.572584,Mumbai,iPhone 14,24,offline,0
txn_00884,4001.58,2025-06-11 05:27:53.572587,Mumbai,Xiaomi 13,48,offline,0
txn_00885,900.94,2025-06-12 05:27:53.572590,Hyderabad,Pixel 8,61,online,0
txn_00886,3267.2,2025-06-07 05:27:53.572593,Mumbai,Pixel 8,27,offline,0
txn_00887,1198.53,2025-06-20 05:27:53.572595,Delhi,Xiaomi 13,56,online,0
txn_00888,506.21,2025-06-19 05:27:53.572598,Mumbai,Xiaomi 13,30,online,0
txn_00889,1223.43,2025-06-13 05:27:53.572602,Punjab,Samsung S24,48,offline,0
txn_00890,3614.11,2025-06-25 05:27:53.572604,Punjab,Pixel 8,24,online,1
txn_00891,4279.93,2025-06-05 05:27:53.572605,Hyderabad,Samsung S24,66,online,0
txn_00892,4152.8,2025-06-18 05:27:53.572607,Hyderabad,OnePlus 12,59,offline,0
txn_00893,1991.95,2025-06-20 05:27:53.572608,Punjab,Samsung S24,59,online,0
txn_00894,3343.74,2025-06-19 05:27:53.572610,Hyderabad,OnePlus 12,53,offline,0
txn_00895,1032.87,2025-06-17 05:27:53.572612,Hyderabad,iPhone 14,37,offline,1
txn_00896,1472.81,2025-06-17 05:27:53.572613,Bangalore,Pixel 8,21,online,0
txn_00897,4482.72,2025-05-30 05:27:53.572615,Bangalore,OnePlus 12,24,online,0
txn_00898,74.88,2025-06-10 05:27:53.572616,Mumbai,iPhone 14,18,offline,0
txn_00899,436.69,2025-06-25 05:27:53.572618,Punjab,Xiaomi 13,61,online,0
txn_00900,1047.35,2025-06-23 05:27:53.572621,Delhi,Samsung S24,62,offline,0
txn_00901,142.4,2025-06-23 05:27:53.572624,Punjab,iPhone 14,59,online,0
txn_00902,915.36,2025-06-20 05:27:53.572627,Punjab,OnePlus 12,64,online,0
txn_00903,2919.38,2025-06-15 05:27:53.572630,Bangalore,Pixel 8,30,online,0
txn_00904,2112.91,2025-06-05 05:27:53.572633,Bangalore,Xiaomi 13,39,offline,0
txn_00905,4464.43,2025-06-23 05:27:53.572636,Hyderabad,Xiaomi 13,38,offline,0
txn_00906,4089.04,2025-06-05 05:27:53.572639,Delhi,iPhone 14,39,online,0
txn_00907,1715.67,2025-06-21 05:27:53.572641,Bangalore,iPhone 14,45,offline,1
txn_00908,1304.52,2025-06-25 05:27:53.572644,Hyderabad,Samsung S24,26,online,0
txn_00909,1904.67,2025-06-14 05:27:53.572647,Delhi,Xiaomi 13,43,offline,0
txn_00910,2955.57,2025-06-14 05:27:53.572651,Bangalore,Xiaomi 13,26,online,0
txn_00911,1347.64,2025-06-17 05:27:53.572652,Punjab,Samsung S24,32,online,0
txn_00912,3124.5,2025-06-10 05:27:53.572654,Punjab,Pixel 8,27,online,0
txn_00913,2052.96,2025-06-13 05:27:53.572655,Delhi,Samsung S24,41,offline,0
txn_00914,2764.72,2025-06-14 05:27:53.572657,Delhi,OnePlus 12,59,online,0
txn_00915,2186.27,2025-06-26 05:27:53.572658,Bangalore,OnePlus 12,25,online,0
txn_00916,1479.38,2025-06-21 05:27:53.572660,Bangalore,iPhone 14,41,offline,0
txn_00917,4742.78,2025-06-01 05:27:53.572661,Delhi,Samsung S24,33,offline,0
txn_00918,3820.39,2025-06-14 05:27:53.572663,Delhi,Samsung S24,66,offline,0
txn_00919,709.16,2025-06-15 05:27:53.572664,Hyderabad,iPhone 14,43,offline,1
txn_00920,4343.66,2025-05-30 05:27:53.572666,Hyderabad,Pixel 8,44,online,0
txn_00921,2442.28,2025-06-03 05:27:53.572667,Hyderabad,Samsung S24,54,online,1
txn_00922,4473.82,2025-06-09 05:27:53.572669,Punjab,Xiaomi 13,21,online,0
txn_00923,4001.28,2025-05-28 05:27:53.572670,Punjab,Samsung S24,67,offline,0
txn_00924,2131.82,2025-06-05 05:27:53.572672,Hyderabad,Pixel 8,41,offline,0
txn_00925,122.12,2025-06-27 05:27:53.572673,Hyderabad,Samsung S24,36,online,0
txn_00926,1350.7,2025-05-31 05:27:53.572674,Delhi,Xiaomi 13,53,online,0
txn_00927,2712.75,2025-05-30 05:27:53.572676,Punjab,OnePlus 12,56,offline,0
txn_00928,3171.06,2025-06-03 05:27:53.572679,Hyderabad,OnePlus 12,27,online,0
txn_00929,1296.86,2025-06-09 05:27:53.572682,Mumbai,Pixel 8,42,offline,0
txn_00930,705.39,2025-06-15 05:27:53.572685,Bangalore,Pixel 8,35,online,0
txn_00931,4176.3,2025-06-12 05:27:53.572688,Hyderabad,Xiaomi 13,36,offline,0
txn_00932,4922.17,2025-06-27 05:27:53.572691,Punjab,OnePlus 12,53,offline,0
txn_00933,2633.19,2025-05-28 05:27:53.572693,Hyderabad,OnePlus 12,27,online,0
txn_00934,866.68,2025-06-16 05:27:53.572696,Mumbai,OnePlus 12,50,online,0
txn_00935,1368.81,2025-06-18 05:27:53.572699,Delhi,OnePlus 12,67,online,0
txn_00936,101.77,2025-06-03 05:27:53.572702,Punjab,Xiaomi 13,22,online,0
txn_00937,4572.35,2025-06-15 05:27:53.572704,Delhi,Pixel 8,64,online,0
txn_00938,597.58,2025-05-31 05:27:53.572705,Bangalore,Pixel 8,66,offline,0
txn_00939,2886.82,2025-05-30 05:27:53.572707,Delhi,iPhone 14,52,online,0
txn_00940,1377.54,2025-05-28 05:27:53.572708,Hyderabad,Pixel 8,61,offline,0
txn_00941,2775.35,2025-06-01 05:27:53.572710,Mumbai,OnePlus 12,51,online,0
txn_00942,3260.59,2025-06-14 05:27:53.572711,Delhi,Samsung S24,50,offline,0
txn_00943,4150.41,2025-06-10 05:27:53.572713,Mumbai,OnePlus 12,38,offline,0
txn_00944,1040.04,2025-06-04 05:27:53.572714,Punjab,OnePlus 12,34,offline,0
txn_00945,64.87,2025-06-04 05:27:53.572721,Punjab,Pixel 8,39,offline,1
txn_00946,693.06,2025-06-10 05:27:53.572722,Hyderabad,iPhone 14,65,offline,0
txn_00947,4501.09,2025-06-02 05:27:53.572724,Hyderabad,Xiaomi 13,54,online,1
txn_00948,4370.71,2025-06-08 05:27:53.572725,Hyderabad,Samsung S24,32,offline,0
txn_00949,2991.09,2025-05-30 05:27:53.572727,Mumbai,Samsung S24,52,online,0
txn_00950,3006.58,2025-06-20 05:27:53.572728,Bangalore,iPhone 14,45,offline,0
txn_00951,3328.53,2025-06-12 05:27:53.572730,Bangalore,OnePlus 12,24,offline,0
txn_00952,885.1,2025-06-20 05:27:53.572731,Bangalore,Xiaomi 13,49,offline,0
txn_00953,4572.92,2025-06-19 05:27:53.572733,Punjab,Xiaomi 13,28,online,0
txn_00954,2099.66,2025-06-14 05:27:53.572736,Punjab,Xiaomi 13,27,offline,0
txn_00955,1921.86,2025-06-12 05:27:53.572739,Bangalore,Pixel 8,26,online,0
txn_00956,2599.4,2025-06-27 05:27:53.572742,Hyderabad,OnePlus 12,31,offline,0
txn_00957,244.36,2025-06-15 05:27:53.572745,Delhi,Samsung S24,30,offline,0
txn_00958,839.75,2025-06-17 05:27:53.572748,Bangalore,Samsung S24,42,offline,0
txn_00959,3692.79,2025-06-06 05:27:53.572851,Delhi,OnePlus 12,19,offline,0
txn_00960,423.17,2025-06-06 05:27:53.572856,Bangalore,Samsung S24,52,online,0
txn_00961,3019.73,2025-06-02 05:27:53.572859,Delhi,Pixel 8,24,offline,1
txn_00962,1234.29,2025-06-15 05:27:53.572862,Hyderabad,Xiaomi 13,38,online,0
txn_00963,1952.59,2025-06-04 05:27:53.572865,Punjab,Samsung S24,35,online,1
txn_00964,1450.58,2025-06-22 05:27:53.572868,Bangalore,Pixel 8,20,online,0
txn_00965,1784.81,2025-06-01 05:27:53.572871,Bangalore,Xiaomi 13,59,online,0
txn_00966,3598.04,2025-06-13 05:27:53.572874,Hyderabad,OnePlus 12,56,offline,0
txn_00967,1492.64,2025-05-29 05:27:53.572877,Mumbai,OnePlus 12,58,offline,0
txn_00968,2836.36,2025-06-23 05:27:53.572880,Bangalore,Pixel 8,66,online,1
txn_00969,2385.49,2025-06-08 05:27:53.572882,Delhi,Pixel 8,28,online,0
txn_00970,3321.72,2025-06-10 05:27:53.572885,Hyderabad,Pixel 8,56,offline,0
txn_00971,4684.78,2025-06-27 05:27:53.572888,Mumbai,Samsung S24,41,offline,0
txn_00972,3665.53,2025-05-29 05:27:53.572891,Bangalore,OnePlus 12,63,offline,0
txn_00973,1082.55,2025-06-15 05:27:53.572911,Bangalore,Samsung S24,36,online,0
txn_00974,165.6,2025-06-09 05:27:53.572914,Punjab,Samsung S24,21,offline,0
txn_00975,1318.7,2025-06-09 05:27:53.572917,Mumbai,Xiaomi 13,43,offline,0
txn_00976,2979.44,2025-06-06 05:27:53.572920,Hyderabad,Pixel 8,55,online,0
txn_00977,266.61,2025-06-27 05:27:53.572923,Delhi,Samsung S24,59,offline,0
txn_00978,2486.87,2025-06-25 05:27:53.572925,Bangalore,Xiaomi 13,49,online,0
txn_00979,2988.25,2025-06-07 05:27:53.572928,Hyderabad,iPhone 14,56,online,0
txn_00980,1677.88,2025-06-14 05:27:53.572931,Punjab,Xiaomi 13,62,online,0
txn_00981,3856.85,2025-06-23 05:27:53.572934,Bangalore,iPhone 14,63,offline,0
txn_00982,541.93,2025-05-31 05:27:53.572937,Mumbai,iPhone 14,53,online,0
txn_00983,384.94,2025-06-13 05:27:53.572940,Hyderabad,iPhone 14,57,online,0
txn_00984,3643.66,2025-06-22 05:27:53.572943,Delhi,iPhone 14,54,online,0
txn_00985,2482.5,2025-06-26 05:27:53.572947,Punjab,Pixel 8,50,online,0
txn_00986,3445.13,2025-06-19 05:27:53.572948,Hyderabad,Samsung S24,53,online,0
txn_00987,2179.79,2025-06-15 05:27:53.572952,Bangalore,Samsung S24,20,online,0
txn_00988,1239.55,2025-06-17 05:27:53.572954,Delhi,iPhone 14,26,offline,0
txn_00989,4097.32,2025-06-21 05:27:53.572956,Bangalore,Samsung S24,25,online,0
txn_00990,3999.09,2025-06-13 05:27:53.572959,Bangalore,iPhone 14,50,offline,0
txn_00991,3476.54,2025-06-17 05:27:53.572962,Mumbai,Samsung S24,23,online,0
txn_00992,1368.0,2025-06-17 05:27:53.572965,Mumbai,Xiaomi 13,58,online,0
txn_00993,2955.25,2025-06-03 05:27:53.572968,Bangalore,Pixel 8,56,offline,0
txn_00994,1811.26,2025-05-30 05:27:53.572970,Punjab,OnePlus 12,21,offline,0
txn_00995,466.99,2025-06-15 05:27:53.572974,Mumbai,iPhone 14,30,online,0
txn_00996,4587.39,2025-06-19 05:27:53.572977,Mumbai,Xiaomi 13,66,online,0
txn_00997,692.72,2025-06-03 05:27:53.572979,Mumbai,Xiaomi 13,19,offline,0
txn_00998,4751.68,2025-05-28 05:27:53.572980,Mumbai,Pixel 8,22,offline,0
txn_00999,2235.57,2025-06-01 05:27:53.572982,Delhi,Pixel 8,61,offline,0
